0,1,2,3,4,5,6,7,8,9,10,11,12,13,14,15,16,17,18,19,20,21,22,23,24,25,26,27,28,29,30,31,32,33,34,35,36,37,38,39,40,41,42,43,44,45,46,47,48,49,50,51,52,53,54,55,56,57,58,59,60,61,62
0.49195003509521484,1.0334441661834717,4.969094220541592e-07,0.49954190850257874,0.9364408850669861,-0.034671902656555176,0.5539116263389587,0.8826413154602051,-0.05177495628595352,0.6097642183303833,0.8907386660575867,-0.05636989697813988,0.6461899280548096,0.9248330593109131,-0.060856666415929794,0.5559471249580383,0.9021809697151184,-0.08907754719257355,0.635801374912262,0.9261889457702637,-0.11042395979166031,0.6836342215538025,0.9531809687614441,-0.11852613836526871,0.7145962119102478,0.976691484451294,-0.12116867303848267,0.5592373609542847,0.9672982692718506,-0.07113960385322571,0.6408536434173584,0.9823799133300781,-0.08287103474140167,0.6808997988700867,1.0061941146850586,-0.07937360554933548,0.7048729062080383,1.0239012241363525,-0.07809528708457947,0.5623791217803955,1.0287463665008545,-0.051475103944540024,0.6349284052848816,1.0364619493484497,-0.060015540570020676,0.6618495583534241,1.048818826675415,-0.05458096042275429,0.6726617813110352,1.0603400468826294,-0.0508604422211647,0.5660035014152527,1.0782299041748047,-0.0328948013484478,0.6198611855506897,1.0692081451416016,-0.03895650804042816,0.643507719039917,1.0728389024734497,-0.036466434597969055,0.6527367234230042,1.075926661491394,-0.03434433788061142
0.4812251925468445,1.027350664138794,6.718400413774361e-07,0.5003381371498108,0.9236559867858887,-0.032755348831415176,0.5554988384246826,0.860853910446167,-0.039489783346652985,0.613144040107727,0.8621797561645508,-0.03656535595655441,0.6506596803665161,0.8984866142272949,-0.031169278547167778,0.5724999904632568,0.9222322702407837,-0.028359023854136467,0.6437110900878906,0.9413332939147949,-0.030883491039276123,0.6873797178268433,0.9654163718223572,-0.034366849809885025,0.7199391722679138,0.9854299426078796,-0.03663671761751175,0.57630854845047,0.9893110990524292,-0.009114754386246204,0.6434943079948425,0.9950120449066162,-0.006350863724946976,0.685218334197998,1.0020124912261963,-0.0091765271499753,0.717621922492981,1.0057610273361206,-0.013579280115664005,0.5734423398971558,1.0453014373779297,0.008396467193961143,0.6267842650413513,1.048620581626892,0.007960070855915546,0.6507226228713989,1.0509798526763916,0.004239622037857771,0.6649797558784485,1.0560089349746704,0.0018373557832092047,0.5714026093482971,1.0942338705062866,0.024081004783511162,0.6141966581344604,1.0861105918884277,0.02201961539685726,0.6349154710769653,1.0828217267990112,0.02030453272163868,0.6458178758621216,1.0802620649337769,0.019723137840628624
0.4732845425605774,1.0285170078277588,5.54418591036665e-07,0.4988621473312378,0.909447431564331,-0.05131392925977707,0.5538544058799744,0.8491308689117432,-0.07429134845733643,0.6114372611045837,0.8432430624961853,-0.07600093632936478,0.6609119176864624,0.8646818995475769,-0.07466860115528107,0.5766803622245789,0.9583801627159119,-0.12317068129777908,0.646979808807373,0.9616028666496277,-0.1515837460756302,0.6939795017242432,0.968675971031189,-0.1715618520975113,0.7336507439613342,0.9726138710975647,-0.1833813339471817,0.5848566293716431,1.0248849391937256,-0.08869925141334534,0.6534703373908997,1.0149284601211548,-0.09660565108060837,0.6994633078575134,1.0015523433685303,-0.09392707794904709,0.7317410111427307,0.9934496283531189,-0.09749870747327805,0.5889060497283936,1.065310001373291,-0.05144491046667099,0.6483393907546997,1.040962815284729,-0.047171421349048615,0.6687236428260803,1.0098804235458374,-0.03526093810796738,0.6770357489585876,0.9928266406059265,-0.03135768696665764,0.5916279554367065,1.0869451761245728,-0.017346223816275597,0.6372209787368774,1.0701873302459717,-0.01633867807686329,0.6594023108482361,1.054103136062622,-0.012602493166923523,0.6715683341026306,1.043495535850525,-0.011022171936929226
0.4597455859184265,1.0266698598861694,4.900267072116549e-07,0.4834863245487213,0.8996654152870178,-0.054016951471567154,0.539958655834198,0.8350228667259216,-0.0775982066988945,0.6017456650733948,0.8295867443084717,-0.08340851217508316,0.652356743812561,0.8451457023620605,-0.08670052140951157,0.5719548463821411,0.9659774303436279,-0.09298287332057953,0.6480271220207214,0.9656738638877869,-0.10380596667528152,0.6950804591178894,0.9620963335037231,-0.10715731978416443,0.7316966652870178,0.9577133059501648,-0.10776648670434952,0.5765509009361267,1.0262506008148193,-0.059192247688770294,0.6482042670249939,1.0209847688674927,-0.06474520266056061,0.695744514465332,1.0042273998260498,-0.0632580891251564,0.7287506461143494,0.99073326587677,-0.06369081884622574,0.5767711400985718,1.0597575902938843,-0.02406991459429264,0.6397834420204163,1.0406854152679443,-0.02508651651442051,0.677018404006958,1.0139693021774292,-0.025490665808320045,0.7014221549034119,0.9926782846450806,-0.0269344300031662,0.578698456287384,1.0739719867706299,0.008644885383546352,0.6276177167892456,1.0568264722824097,0.0075532314367592335,0.6573822498321533,1.0378526449203491,0.005139727145433426,0.6794009208679199,1.0206053256988525,0.0030738513451069593
0.4425419569015503,1.0036356449127197,5.073759439255809e-07,0.468069851398468,0.882533073425293,-0.0643763393163681,0.523216962814331,0.8170784115791321,-0.09489037096500397,0.5840467810630798,0.8030972480773926,-0.10739946365356445,0.6375587582588196,0.8173098564147949,-0.11747389286756516,0.5608201026916504,0.9661775827407837,-0.10021089017391205,0.638380229473114,0.9658949375152588,-0.11767697334289551,0.6892926692962646,0.9542041420936584,-0.12632164359092712,0.7292397022247314,0.9389282464981079,-0.13043807446956635,0.5644763708114624,1.0194655656814575,-0.06487121433019638,0.6358787417411804,1.0157907009124756,-0.08204159140586853,0.6889700889587402,0.9898653030395508,-0.08918829262256622,0.7252565622329712,0.9635292291641235,-0.09445846080780029,0.5643137693405151,1.0459688901901245,-0.029156511649489403,0.6292423605918884,1.0375231504440308,-0.042339108884334564,0.6740696430206299,1.0122376680374146,-0.05018483102321625,0.7061696648597717,0.988556444644928,-0.05466527119278908,0.5671951770782471,1.0529608726501465,0.0038226309698075056,0.6200914978981018,1.0446491241455078,-0.005827303044497967,0.6560795903205872,1.030092477798462,-0.012810911051928997,0.6845917105674744,1.0145007371902466,-0.017328869551420212
0.4300076961517334,0.9594898223876953,4.3723088083424955e-07,0.45050495862960815,0.8540880680084229,-0.07469675689935684,0.5013808012008667,0.8006677627563477,-0.1084023267030716,0.5617824792861938,0.7882753014564514,-0.12433372437953949,0.6183914542198181,0.7879889011383057,-0.1370273232460022,0.5454170107841492,0.9504932165145874,-0.1022288054227829,0.628158450126648,0.95237135887146,-0.12805135548114777,0.6828061938285828,0.9310652613639832,-0.14271977543830872,0.7234843373298645,0.9040470719337463,-0.15070511400699615,0.5519436597824097,0.9936633706092834,-0.06833944469690323,0.6281687617301941,0.9910187721252441,-0.0958326905965805,0.6858460903167725,0.960989773273468,-0.10963970422744751,0.7230017781257629,0.9259136915206909,-0.11836791038513184,0.5559422969818115,1.007742166519165,-0.036689482629299164,0.6261619329452515,1.0028778314590454,-0.062310002744197845,0.6756914854049683,0.9810765385627747,-0.07724875211715698,0.709342360496521,0.9549146890640259,-0.08475338667631149,0.5627543330192566,0.9990154504776001,-0.008937956765294075,0.6184195280075073,0.9940920472145081,-0.031491719186306,0.6579864025115967,0.9834961891174316,-0.04558631032705307,0.6874384880065918,0.967383086681366,-0.0535617433488369
0.415219247341156,0.979392409324646,2.942948356121633e-07,0.42448461055755615,0.8583099246025085,-0.06939022243022919,0.4738669693470001,0.7898909449577332,-0.10260483622550964,0.5337133407592773,0.7629061937332153,-0.12103653699159622,0.5928312540054321,0.7542847394943237,-0.1354856640100479,0.5376545190811157,0.9437959790229797,-0.08696544170379639,0.6278032660484314,0.9410340785980225,-0.11632899940013885,0.6844857335090637,0.9065102934837341,-0.13376730680465698,0.7176405191421509,0.8635469675064087,-0.14127320051193237,0.543106198310852,0.9962491393089294,-0.05804915726184845,0.6303269863128662,0.9870740175247192,-0.0824609100818634,0.6878763437271118,0.9412938952445984,-0.0934227705001831,0.7213191390037537,0.8911871910095215,-0.09836358577013016,0.5462496280670166,1.0209288597106934,-0.0329730361700058,0.6275761723518372,1.0107142925262451,-0.056386955082416534,0.6781585216522217,0.9701013565063477,-0.06801066547632217,0.7098901271820068,0.9278468489646912,-0.07165391743183136,0.5513761639595032,1.0222731828689575,-0.011851545423269272,0.6168926954269409,1.0119481086730957,-0.03221709281206131,0.659196138381958,0.9894720315933228,-0.041866056621074677,0.6873863935470581,0.9618463516235352,-0.04480898380279541
0.3995715379714966,0.9783450365066528,3.482165311652352e-07,0.4065302014350891,0.8544868230819702,-0.07357928901910782,0.44956862926483154,0.7739658355712891,-0.11213699728250504,0.5083672404289246,0.7375396490097046,-0.1343965381383896,0.5704779624938965,0.715982973575592,-0.15236864984035492,0.5245799422264099,0.9298477172851562,-0.10587838292121887,0.6241711974143982,0.9145470261573792,-0.13482025265693665,0.6806358098983765,0.8722788691520691,-0.14748652279376984,0.7119594216346741,0.8278218507766724,-0.15193109214305878,0.5331569910049438,1.0079281330108643,-0.07650389522314072,0.6337757706642151,0.9913373589515686,-0.10158363729715347,0.6879013180732727,0.935833752155304,-0.10715410858392715,0.7194534540176392,0.8771738409996033,-0.10798158496618271,0.537094235420227,1.046093463897705,-0.05000858008861542,0.6279999017715454,1.0248852968215942,-0.07147417217493057,0.6755268573760986,0.9716881513595581,-0.07546805590391159,0.7044543623924255,0.9176381826400757,-0.07468369603157043,0.5418063402175903,1.0499730110168457,-0.02795800007879734,0.6118348240852356,1.030642032623291,-0.048789236694574356,0.6516950130462646,0.9981116056442261,-0.055203281342983246,0.6773656010627747,0.9586712718009949,-0.055382806807756424
0.3791978359222412,0.9740359783172607,3.1407461165144923e-07,0.3818104863166809,0.8471565842628479,-0.08857636898756027,0.42065149545669556,0.7674161195755005,-0.13251030445098877,0.4778764545917511,0.7211614847183228,-0.15811558067798615,0.5370790362358093,0.6817148327827454,-0.1788136214017868,0.5196658372879028,0.9229028224945068,-0.11196934431791306,0.6191624999046326,0.8884531855583191,-0.141002357006073,0.6731836795806885,0.8378174304962158,-0.15626825392246246,0.7068163156509399,0.7919267416000366,-0.163411945104599,0.5319491624832153,0.9972744584083557,-0.07263802736997604,0.6332247853279114,0.9614307284355164,-0.09840567409992218,0.6849545240402222,0.8952988386154175,-0.10594583302736282,0.7141719460487366,0.832846999168396,-0.10852078348398209,0.5361652374267578,1.033341646194458,-0.03737004101276398,0.6249841451644897,0.997946560382843,-0.059214867651462555,0.666252851486206,0.9357438683509827,-0.0648059993982315,0.6915773749351501,0.8791347146034241,-0.0653570368885994,0.5404826402664185,1.0395914316177368,-0.00794436875730753,0.6094343662261963,1.0047321319580078,-0.027458544820547104,0.6459144353866577,0.9584037661552429,-0.03467030078172684,0.670238196849823,0.9143261313438416,-0.03603212535381317
0.3657824695110321,0.9779770374298096,3.756612727556785e-07,0.36388394236564636,0.8498048782348633,-0.08946395665407181,0.3942493796348572,0.7711942195892334,-0.13653412461280823,0.4423309564590454,0.7161208987236023,-0.16542881727218628,0.4965660870075226,0.6713496446609497,-0.18984344601631165,0.5066561698913574,0.9114506244659424,-0.11495182663202286,0.6070165634155273,0.8782315254211426,-0.14387261867523193,0.6606155633926392,0.832379162311554,-0.15923696756362915,0.6986628770828247,0.7906635999679565,-0.16675549745559692,0.5206696391105652,0.9841620326042175,-0.07411240041255951,0.6250355243682861,0.9401574730873108,-0.09787510335445404,0.6754525899887085,0.8803567290306091,-0.10380015522241592,0.7072651386260986,0.8270167708396912,-0.10610226541757584,0.5266757011413574,1.0228725671768188,-0.037206508219242096,0.616653561592102,0.9779866337776184,-0.05547366663813591,0.6570308208465576,0.9187195301055908,-0.058921217918395996,0.6834397315979004,0.8668282628059387,-0.05906875431537628,0.5325595140457153,1.0307976007461548,-0.0066703204065561295,0.6015874743461609,0.9914392828941345,-0.021597513929009438,0.6337429881095886,0.9441019296646118,-0.026394546031951904,0.6560524702072144,0.9034788608551025,-0.027128120884299278
0.3492389917373657,1.0033177137374878,4.0115531874107546e-07,0.3469042479991913,0.876090407371521,-0.09198396652936935,0.37342631816864014,0.7863103151321411,-0.14235062897205353,0.41506457328796387,0.7185186147689819,-0.17377667129039764,0.4696795344352722,0.6718243360519409,-0.20080189406871796,0.49763357639312744,0.9246553182601929,-0.12239576131105423,0.5921796560287476,0.8795945048332214,-0.15293379127979279,0.6472738981246948,0.8349058628082275,-0.16937553882598877,0.6883153319358826,0.7970181703567505,-0.17799533903598785,0.5123090744018555,1.0015408992767334,-0.0800386294722557,0.6135753393173218,0.9433614611625671,-0.10791762918233871,0.6655245423316956,0.8802692890167236,-0.11426219344139099,0.7034897208213806,0.8249865770339966,-0.11611039191484451,0.5158159136772156,1.0472337007522583,-0.0410144105553627,0.6043391823768616,0.9974340796470642,-0.06196308135986328,0.6488320231437683,0.934662401676178,-0.06393501162528992,0.6805444955825806,0.8785833120346069,-0.061971377581357956,0.5172844529151917,1.062058925628662,-0.008370143361389637,0.5877346992492676,1.0248743295669556,-0.02559005841612816,0.6237335205078125,0.9753463864326477,-0.029587948694825172,0.650235652923584,0.9308485388755798,-0.028656208887696266
0.3403187096118927,1.001628041267395,4.786468821293965e-07,0.33824774622917175,0.8789291381835938,-0.0916290134191513,0.36198654770851135,0.8021717071533203,-0.14140097796916962,0.39463570713996887,0.7368906140327454,-0.1737460345029831,0.4352888762950897,0.6834791898727417,-0.2020019292831421,0.4935678243637085,0.9385072588920593,-0.11475981771945953,0.5870121717453003,0.8965257406234741,-0.14695918560028076,0.6432678699493408,0.856446385383606,-0.16701394319534302,0.6865860819816589,0.8204609155654907,-0.178691104054451,0.5071942210197449,1.0067360401153564,-0.07656513154506683,0.6083800792694092,0.9548348188400269,-0.10742241889238358,0.6620692610740662,0.8949829339981079,-0.12043274939060211,0.70053631067276,0.8426687121391296,-0.1268017292022705,0.5112626552581787,1.0414847135543823,-0.04251106083393097,0.6005396842956543,0.9910354614257812,-0.06729255616664886,0.6458279490470886,0.9265838265419006,-0.07618439197540283,0.6767489314079285,0.8721025586128235,-0.07850972563028336,0.5156535506248474,1.043210744857788,-0.015045980922877789,0.5889989137649536,0.9971736669540405,-0.035078831017017365,0.6255061626434326,0.9455177783966064,-0.04254557937383652,0.6515727639198303,0.9011819958686829,-0.044038232415914536
0.3364819884300232,1.0049240589141846,6.764165618733387e-07,0.3297872543334961,0.8906903266906738,-0.10189748555421829,0.3494625985622406,0.8113911747932434,-0.15864378213882446,0.37936678528785706,0.7343661785125732,-0.19486235082149506,0.41803625226020813,0.6692644357681274,-0.22754938900470734,0.48722103238105774,0.9272921681404114,-0.13748608529567719,0.5853959918022156,0.8981484770774841,-0.17328841984272003,0.6454970836639404,0.8611113429069519,-0.19426697492599487,0.691170334815979,0.8260246515274048,-0.2057017683982849,0.5033451318740845,0.9917376637458801,-0.09178593009710312,0.6111567616462708,0.9525784850120544,-0.12531481683254242,0.6710913777351379,0.8997873663902283,-0.13870668411254883,0.7150570154190063,0.8512495160102844,-0.14515696465969086,0.5078204870223999,1.024451494216919,-0.049273110926151276,0.597618043422699,0.9863848090171814,-0.07219540327787399,0.6480456590652466,0.931881844997406,-0.08153533935546875,0.6838670372962952,0.8829947710037231,-0.08503677695989609,0.5105395317077637,1.0265958309173584,-0.013927586376667023,0.5811364054679871,0.9916747808456421,-0.030638335272669792,0.6214138269424438,0.949804425239563,-0.03804469481110573,0.6527774333953857,0.9135611057281494,-0.04045325890183449
0.336024671792984,1.0059974193572998,6.630538109675399e-07,0.3289809823036194,0.9029486775398254,-0.0894836038351059,0.3443729877471924,0.8197076320648193,-0.1420050412416458,0.36866599321365356,0.7315605878829956,-0.17829963564872742,0.3940070867538452,0.6541381478309631,-0.21167340874671936,0.4862477481365204,0.9159162044525146,-0.11620157212018967,0.577390730381012,0.8921304941177368,-0.15260961651802063,0.6372641921043396,0.8584513068199158,-0.1769886165857315,0.6856420040130615,0.8249706625938416,-0.19227686524391174,0.5073757767677307,0.975135326385498,-0.08304715156555176,0.6042912006378174,0.9362429976463318,-0.11849328875541687,0.6666801571846008,0.8904962539672852,-0.13706658780574799,0.7164950370788574,0.8462128639221191,-0.14833663403987885,0.5143592357635498,1.0051904916763306,-0.05369102954864502,0.6009543538093567,0.9650396704673767,-0.08003859221935272,0.6568983197212219,0.9229407906532288,-0.09265106916427612,0.701360285282135,0.8838179111480713,-0.09894795715808868,0.5162801146507263,1.0050312280654907,-0.031101318076252937,0.5855032801628113,0.969903826713562,-0.05003512650728226,0.6301647424697876,0.9373720288276672,-0.05872977897524834,0.6682305932044983,0.9100081920623779,-0.06269454956054688
0.33454346656799316,0.9895843863487244,6.63650837395835e-07,0.324396550655365,0.8953721523284912,-0.07983768731355667,0.34020286798477173,0.8063349723815918,-0.12900930643081665,0.3620889186859131,0.7121918201446533,-0.1648591160774231,0.3757719099521637,0.6265583038330078,-0.1982661336660385,0.47399550676345825,0.8824015259742737,-0.10536374896764755,0.5546090602874756,0.8653883934020996,-0.15020400285720825,0.6176301836967468,0.8396297693252563,-0.18185722827911377,0.6697819232940674,0.82118821144104,-0.2016194462776184,0.49843311309814453,0.9373396635055542,-0.08316804468631744,0.5926070809364319,0.9063403010368347,-0.12208094447851181,0.6611706018447876,0.8661329746246338,-0.14419138431549072,0.7180806398391724,0.8302415013313293,-0.1582280397415161,0.510256290435791,0.9689401984214783,-0.06582138687372208,0.5970155000686646,0.9299551844596863,-0.0966780036687851,0.6585502028465271,0.8893139362335205,-0.11261070519685745,0.7074304819107056,0.855225145816803,-0.12095358967781067,0.5124963521957397,0.9755560159683228,-0.0550571046769619,0.5823327898979187,0.9376096129417419,-0.07862243056297302,0.6317712664604187,0.9031228423118591,-0.09024908393621445,0.6728309988975525,0.8717909455299377,-0.09613422304391861
0.3388303220272064,0.9798871874809265,8.001062496987288e-07,0.32479947805404663,0.8731338977813721,-0.07807593792676926,0.33573615550994873,0.7737826704978943,-0.12692232429981232,0.35218849778175354,0.6781655550003052,-0.16222581267356873,0.36415737867355347,0.59327232837677,-0.19556504487991333,0.4717942476272583,0.8399428725242615,-0.10514076054096222,0.5513131618499756,0.8262243866920471,-0.14819777011871338,0.6147619485855103,0.8045126795768738,-0.1793789118528366,0.6663011908531189,0.788260817527771,-0.19853119552135468,0.497934490442276,0.8999431133270264,-0.08290290087461472,0.5916296243667603,0.8652580380439758,-0.12044187635183334,0.6614253520965576,0.8304835557937622,-0.1429949849843979,0.7193512320518494,0.8016398549079895,-0.15767818689346313,0.5096702575683594,0.9343423843383789,-0.06484401226043701,0.5961536169052124,0.8913101553916931,-0.09539002925157547,0.6586088538169861,0.8523363471031189,-0.11243029683828354,0.7086575031280518,0.8201482892036438,-0.12174386531114578,0.5110929608345032,0.9416500926017761,-0.05270557105541229,0.5800995826721191,0.9020988345146179,-0.07632283121347427,0.627763032913208,0.8695739507675171,-0.08728675544261932,0.6678453087806702,0.8408850431442261,-0.09280944615602493
0.3402363061904907,0.9528158903121948,8.222369274335506e-07,0.3248537480831146,0.8485604524612427,-0.07023465633392334,0.3368362784385681,0.7433733940124512,-0.11374649405479431,0.3513426184654236,0.6420516967773438,-0.14444147050380707,0.3605850040912628,0.5559724569320679,-0.17342257499694824,0.4698818325996399,0.7921754121780396,-0.09821268171072006,0.5540388822555542,0.7702189087867737,-0.13997942209243774,0.6185617446899414,0.7511299848556519,-0.16891571879386902,0.6703745722770691,0.7387789487838745,-0.185444176197052,0.49642428755760193,0.8555241227149963,-0.07804793119430542,0.5900335311889648,0.8212016820907593,-0.11248912662267685,0.658112108707428,0.7934606671333313,-0.13196063041687012,0.7151069641113281,0.7717458605766296,-0.14409711956977844,0.5089597702026367,0.8954018950462341,-0.061557162553071976,0.5915006399154663,0.8509124517440796,-0.09014441072940826,0.6536163091659546,0.8158879280090332,-0.10549357533454895,0.7048490047454834,0.7892939448356628,-0.11302579194307327,0.5112305283546448,0.9122759103775024,-0.05014750733971596,0.5803529024124146,0.8649144172668457,-0.07222650200128555,0.6293843984603882,0.8324945569038391,-0.08146070688962936,0.6717471480369568,0.8063090443611145,-0.08507253974676132
0.34210216999053955,0.9285700917243958,8.201746481972805e-07,0.3236938416957855,0.8251557350158691,-0.07223798334598541,0.3345939517021179,0.7252177596092224,-0.11549419164657593,0.3496798276901245,0.6286600828170776,-0.14533013105392456,0.35782143473625183,0.544825553894043,-0.17309099435806274,0.4713442027568817,0.7751426100730896,-0.09617064148187637,0.5590272545814514,0.7438417077064514,-0.135491743683815,0.6216938495635986,0.720285177230835,-0.16284620761871338,0.6715715527534485,0.7062130570411682,-0.17808520793914795,0.4987603724002838,0.8384033441543579,-0.07306572794914246,0.5915399789810181,0.7991384267807007,-0.10465169697999954,0.6579400897026062,0.769381582736969,-0.12281692028045654,0.7133904099464417,0.7473182678222656,-0.13428163528442383,0.5106467604637146,0.8761128783226013,-0.053867027163505554,0.5901323556900024,0.8315240144729614,-0.08021959662437439,0.6492997407913208,0.7984638810157776,-0.09466087073087692,0.6987357139587402,0.7752216458320618,-0.10173328220844269,0.5122596621513367,0.8884607553482056,-0.03988808020949364,0.5783897042274475,0.8452127575874329,-0.06005796417593956,0.6273632645606995,0.8166093230247498,-0.06886172294616699,0.6706240177154541,0.7935969829559326,-0.07244394719600677
0.34362295269966125,0.9074652194976807,8.532934998584096e-07,0.32802295684814453,0.7979642152786255,-0.0752311497926712,0.3385888934135437,0.7026177644729614,-0.11991970241069794,0.3513973355293274,0.6075738668441772,-0.14958089590072632,0.3585561215877533,0.5236244201660156,-0.17726972699165344,0.47501447796821594,0.7660871744155884,-0.10492020100355148,0.5645695924758911,0.7289150953292847,-0.14089247584342957,0.6256353855133057,0.7082498669624329,-0.16461198031902313,0.674619197845459,0.6962293386459351,-0.1774144172668457,0.5012704133987427,0.8304773569107056,-0.07647409290075302,0.5970341563224792,0.788544774055481,-0.10651998221874237,0.6622488498687744,0.7641149759292603,-0.123000867664814,0.7153993248939514,0.7468900084495544,-0.1332038789987564,0.5115746855735779,0.8653023838996887,-0.050843317061662674,0.5912222266197205,0.8186119198799133,-0.07420343905687332,0.6500760912895203,0.7892557382583618,-0.08855819702148438,0.6979667544364929,0.7711553573608398,-0.09599386900663376,0.5137611031532288,0.8685101866722107,-0.03017839789390564,0.5781019330024719,0.8227794766426086,-0.0475827157497406,0.6253941655158997,0.7956240773200989,-0.05641528218984604,0.6679329872131348,0.7758225798606873,-0.06049025431275368
0.34370219707489014,0.9036945104598999,8.225660508287547e-07,0.33048897981643677,0.7940115928649902,-0.07570183277130127,0.3421507179737091,0.7005103230476379,-0.11960163712501526,0.3562335669994354,0.6078893542289734,-0.14899979531764984,0.36416709423065186,0.5244271159172058,-0.17641611397266388,0.48207488656044006,0.7583240866661072,-0.09440948069095612,0.5690027475357056,0.719117283821106,-0.12538769841194153,0.6271904110908508,0.7032661437988281,-0.14782044291496277,0.6754096746444702,0.6956729292869568,-0.16131167113780975,0.5056739449501038,0.8216598629951477,-0.06591279804706573,0.5968943238258362,0.7806128859519958,-0.09311892092227936,0.6592180132865906,0.7628400325775146,-0.11144920438528061,0.711176872253418,0.7528647780418396,-0.12390876561403275,0.5131595730781555,0.8570878505706787,-0.04084424301981926,0.5903250575065613,0.8138816952705383,-0.0625070333480835,0.6459791660308838,0.7901510000228882,-0.07836750894784927,0.6919415593147278,0.7773692011833191,-0.08762648701667786,0.5145955085754395,0.8649752736091614,-0.020962269976735115,0.5779072046279907,0.8217564821243286,-0.03686735779047012,0.6224256157875061,0.7990221977233887,-0.046216487884521484,0.6632858514785767,0.7838706970214844,-0.051623132079839706
0.3468019366264343,0.8983907103538513,7.957784191603423e-07,0.337072491645813,0.7942304015159607,-0.06883237510919571,0.35093775391578674,0.7068374156951904,-0.1081063449382782,0.3651094436645508,0.6189930438995361,-0.13520993292331696,0.37206336855888367,0.5399149656295776,-0.16025817394256592,0.49035969376564026,0.7619081735610962,-0.07890556752681732,0.5746868848800659,0.7342849969863892,-0.10788137465715408,0.6312177181243896,0.7221933007240295,-0.12991157174110413,0.677793025970459,0.7171499729156494,-0.14305347204208374,0.510791003704071,0.8217543959617615,-0.054863184690475464,0.5995920896530151,0.7883366346359253,-0.07839415967464447,0.6605782508850098,0.7741944789886475,-0.09417053312063217,0.7113356590270996,0.7670794725418091,-0.10461100935935974,0.5167573690414429,0.8567339181900024,-0.03509627655148506,0.5923694372177124,0.8206227421760559,-0.05402660369873047,0.6460393071174622,0.8027841448783875,-0.06640182435512543,0.6917095184326172,0.7929081320762634,-0.07314904034137726,0.5172725915908813,0.867373526096344,-0.020675497129559517,0.5791580677032471,0.8314493298530579,-0.03455840051174164,0.622127115726471,0.8160263895988464,-0.04085598513484001,0.6615363359451294,0.8062856197357178,-0.043716538697481155
0.35407912731170654,0.8978330492973328,8.274270726360555e-07,0.34517791867256165,0.802575945854187,-0.07360363006591797,0.3582819104194641,0.7226234078407288,-0.1160140410065651,0.37348830699920654,0.6397810578346252,-0.1449609398841858,0.3847518861293793,0.5646429657936096,-0.17191648483276367,0.4932127594947815,0.7749468684196472,-0.09054353088140488,0.5789055228233337,0.7497506737709045,-0.12203039228916168,0.6354846358299255,0.7391012907028198,-0.14510919153690338,0.6827645897865295,0.7363924980163574,-0.15882247686386108,0.5135275721549988,0.8312360048294067,-0.0634123682975769,0.6044126749038696,0.8033429980278015,-0.08953704684972763,0.6652752161026001,0.7932400703430176,-0.10631471872329712,0.7161300778388977,0.7904694676399231,-0.11757101863622665,0.5198516845703125,0.8625658750534058,-0.04009401798248291,0.5959537625312805,0.8303187489509583,-0.059846002608537674,0.6496843099594116,0.8156320452690125,-0.07302964478731155,0.6948353052139282,0.8094338178634644,-0.08070003986358643,0.5202974081039429,0.8705355525016785,-0.022317664697766304,0.5823259949684143,0.8388218879699707,-0.0359664261341095,0.6247799396514893,0.8250473141670227,-0.042907606810331345,0.6635535955429077,0.8173246383666992,-0.04676036536693573
0.3580866754055023,0.8981468677520752,8.551019163860474e-07,0.350638747215271,0.8108912110328674,-0.07657273858785629,0.3647134602069855,0.7353224754333496,-0.12072335183620453,0.3817104697227478,0.6576671600341797,-0.15172959864139557,0.39441579580307007,0.5843562483787537,-0.1808634251356125,0.4995790123939514,0.7921510934829712,-0.08969062566757202,0.5858256220817566,0.7667026519775391,-0.12140537798404694,0.6425347328186035,0.7585408687591553,-0.14584171772003174,0.6901511549949646,0.7568252682685852,-0.16116437315940857,0.5176243185997009,0.8425922393798828,-0.06330949813127518,0.6087846755981445,0.8164804577827454,-0.09087316691875458,0.6705417037010193,0.8082703351974487,-0.11114197969436646,0.7224790453910828,0.8073147535324097,-0.12523718178272247,0.5226972103118896,0.8685561418533325,-0.04120665416121483,0.5995079278945923,0.8384701013565063,-0.061790622770786285,0.6548415422439575,0.8273974657058716,-0.07738503068685532,0.7006676197052002,0.8247678875923157,-0.0872650146484375,0.5220065712928772,0.8730993866920471,-0.02515103854238987,0.58488529920578,0.8447479009628296,-0.039398934692144394,0.6286976933479309,0.8333713412284851,-0.04777425155043602,0.6679138541221619,0.8281043171882629,-0.053203653544187546
0.36058640480041504,0.9153108596801758,8.484692557431117e-07,0.3562220633029938,0.8323427438735962,-0.07853489369153976,0.37215736508369446,0.7578616142272949,-0.12418071180582047,0.3902910053730011,0.6816245317459106,-0.15657344460487366,0.4041132628917694,0.6067883968353271,-0.187394917011261,0.5042346119880676,0.8090064525604248,-0.09194184839725494,0.5918128490447998,0.7908764481544495,-0.12466510385274887,0.6489896774291992,0.7851044535636902,-0.15065796673297882,0.6975042819976807,0.7817909121513367,-0.16755975782871246,0.5203455090522766,0.8567471504211426,-0.0661201998591423,0.6106581687927246,0.8349497318267822,-0.09513046592473984,0.6736690998077393,0.8292110562324524,-0.11777220666408539,0.7264014482498169,0.8280463218688965,-0.13387559354305267,0.5249350666999817,0.8810904622077942,-0.044695012271404266,0.6020079255104065,0.8542836308479309,-0.06629020720720291,0.6592679023742676,0.8462156057357788,-0.08336267620325089,0.7066916227340698,0.8446593284606934,-0.0946316346526146,0.5245518684387207,0.8843869566917419,-0.029527658596634865,0.587590754032135,0.8575191497802734,-0.04467302933335304,0.6338574886322021,0.8486462235450745,-0.054189395159482956,0.6745293736457825,0.8455278873443604,-0.060777150094509125
0.36697274446487427,0.9279799461364746,8.482855378133536e-07,0.36343488097190857,0.8439544439315796,-0.07495548576116562,0.38302063941955566,0.7716215252876282,-0.11747672408819199,0.4033552408218384,0.7014584541320801,-0.14735540747642517,0.4140115976333618,0.6337943077087402,-0.17556028068065643,0.5093608498573303,0.8225747346878052,-0.08719781786203384,0.5958791971206665,0.8162938356399536,-0.12087050825357437,0.6545785069465637,0.8168550729751587,-0.14679718017578125,0.7036217451095581,0.8197262287139893,-0.1630222052335739,0.5260849595069885,0.8683387637138367,-0.06321334093809128,0.6144876480102539,0.8542098999023438,-0.09256205707788467,0.6778563261032104,0.8515557646751404,-0.11317892372608185,0.7309060096740723,0.8541435599327087,-0.127175435423851,0.5325884819030762,0.8912751078605652,-0.043884217739105225,0.6094353795051575,0.8700622320175171,-0.06601458787918091,0.6662281155586243,0.8638364672660828,-0.08051884174346924,0.7137970924377441,0.8650515079498291,-0.08927842974662781,0.5335932970046997,0.8941315412521362,-0.030846716836094856,0.5967609882354736,0.8717873692512512,-0.04599212482571602,0.6430494785308838,0.8658204078674316,-0.05389848351478577,0.6834897398948669,0.8650507926940918,-0.05880073457956314
0.3742993175983429,0.9352816343307495,8.948232448346971e-07,0.36964866518974304,0.8533360958099365,-0.0803246945142746,0.38951772451400757,0.7856550812721252,-0.12498736381530762,0.41337284445762634,0.725044310092926,-0.1560269594192505,0.4302656054496765,0.6634673476219177,-0.1853034347295761,0.5179462432861328,0.8431352972984314,-0.09222571551799774,0.6045160293579102,0.8391308188438416,-0.12623730301856995,0.663382351398468,0.8416596055030823,-0.152651846408844,0.7120434045791626,0.8465568423271179,-0.1691778302192688,0.532350480556488,0.8883519172668457,-0.06583952903747559,0.6200042963027954,0.8757525682449341,-0.09664835780858994,0.6845809817314148,0.8748607635498047,-0.11893925815820694,0.7368156313896179,0.8814371824264526,-0.1341768354177475,0.5371952056884766,0.909188985824585,-0.04436217620968819,0.613418459892273,0.8915624618530273,-0.0679650530219078,0.6711438298225403,0.8881915807723999,-0.08373244106769562,0.7185794115066528,0.8937566876411438,-0.09339907765388489,0.5374540090560913,0.9088944792747498,-0.02954068034887314,0.5995360612869263,0.8896754384040833,-0.04605957865715027,0.6458716988563538,0.8846064209938049,-0.05514216423034668,0.6857664585113525,0.8857244849205017,-0.06099065765738487
0.38324296474456787,0.9260323643684387,1.1007894045178546e-06,0.3769148588180542,0.8461588025093079,-0.09811629354953766,0.3962286412715912,0.7898329496383667,-0.15117080509662628,0.4202236533164978,0.7395080924034119,-0.18561293184757233,0.442955881357193,0.6824674010276794,-0.2183752954006195,0.5294556021690369,0.8564410209655762,-0.11646723747253418,0.621004581451416,0.8616068959236145,-0.14565251767635345,0.679959237575531,0.8691504001617432,-0.16831383109092712,0.7277184128761292,0.8769940733909607,-0.18262559175491333,0.5415508151054382,0.8990842700004578,-0.07506901770830154,0.632117509841919,0.8951382637023926,-0.10136447101831436,0.6955586671829224,0.8998753428459167,-0.12200984358787537,0.7429338693618774,0.9121904373168945,-0.1370212584733963,0.5440695285797119,0.9178934097290039,-0.03759670630097389,0.6199480295181274,0.9046235680580139,-0.05445887893438339,0.6755651235580444,0.9046692848205566,-0.07006140798330307,0.7193455696105957,0.914091944694519,-0.08135886490345001,0.5447434186935425,0.9138537049293518,-0.007631252519786358,0.6054840683937073,0.899170994758606,-0.018467463552951813,0.6479964256286621,0.8965941667556763,-0.027345096692442894,0.6849820613861084,0.9020110368728638,-0.034429389983415604
0.38895827531814575,0.9267616271972656,9.911927918437868e-07,0.38326239585876465,0.8485738039016724,-0.09595322608947754,0.39996159076690674,0.7905433177947998,-0.14829249680042267,0.4255065321922302,0.7425423264503479,-0.18209676444530487,0.45596322417259216,0.6874947547912598,-0.2137456238269806,0.5324497222900391,0.8595815896987915,-0.11612226068973541,0.6238406896591187,0.8607592582702637,-0.14429347217082977,0.6806789040565491,0.8665124773979187,-0.1645909547805786,0.7263173460960388,0.873276948928833,-0.17690883576869965,0.5439164638519287,0.9038726687431335,-0.07540220022201538,0.6355039477348328,0.8966031670570374,-0.10166017711162567,0.6950225234031677,0.897817850112915,-0.11972643435001373,0.7405412793159485,0.9065870642662048,-0.13219191133975983,0.546410083770752,0.924584150314331,-0.038446296006441116,0.6235889196395874,0.9093155264854431,-0.055227212607860565,0.6770248413085938,0.9054394960403442,-0.0684058666229248,0.7198569178581238,0.9108737111091614,-0.07769537717103958,0.5474052429199219,0.9226965308189392,-0.00876831728965044,0.607917308807373,0.9067608118057251,-0.01944122090935707,0.6484034657478333,0.9025617241859436,-0.027142934501171112,0.684201180934906,0.9070577025413513,-0.03287732973694801
0.39105141162872314,0.9242377281188965,8.644234412713558e-07,0.38825541734695435,0.8436221480369568,-0.07886405289173126,0.40733933448791504,0.7810269594192505,-0.12315278500318527,0.43406206369400024,0.7313532829284668,-0.15448713302612305,0.45855486392974854,0.6721510887145996,-0.18376973271369934,0.5343773365020752,0.8455065488815308,-0.08879851549863815,0.620810866355896,0.8450732827186584,-0.12087290734052658,0.6779791116714478,0.8537487387657166,-0.1461188644170761,0.7252956032752991,0.8643114566802979,-0.16206975281238556,0.5462235808372498,0.8847589492797852,-0.0634831115603447,0.6314329504966736,0.872587263584137,-0.09294241666793823,0.6922401189804077,0.8750181198120117,-0.11458250135183334,0.7397467494010925,0.8862208127975464,-0.12911179661750793,0.5495887398719788,0.9015477895736694,-0.043060723692178726,0.6245231032371521,0.883065938949585,-0.06507907807826996,0.6797522306442261,0.882165789604187,-0.07990962266921997,0.7246029376983643,0.8911116123199463,-0.08913075923919678,0.548854410648346,0.8986214995384216,-0.02940426766872406,0.609930157661438,0.8793526291847229,-0.044792089611291885,0.6531001925468445,0.8755648136138916,-0.05316615477204323,0.6896403431892395,0.8804948925971985,-0.05838875100016594
0.3962569236755371,0.8914459943771362,8.535175766155589e-07,0.3944627642631531,0.8158987164497375,-0.07413527369499207,0.41316020488739014,0.7572112083435059,-0.11546154320240021,0.43708866834640503,0.7096296548843384,-0.14451465010643005,0.45804670453071594,0.6576967835426331,-0.17152683436870575,0.5384994149208069,0.825706422328949,-0.0825880691409111,0.6233623623847961,0.8196665644645691,-0.11382193118333817,0.6794154644012451,0.8245677947998047,-0.13865405321121216,0.7255683541297913,0.8322871923446655,-0.1538403481245041,0.5489609241485596,0.8624206185340881,-0.05862148478627205,0.6328673958778381,0.8493452668190002,-0.08672069013118744,0.6920487284660339,0.8495616912841797,-0.10788889974355698,0.7384880185127258,0.8578237891197205,-0.12187939137220383,0.5528685450553894,0.8756150603294373,-0.03943660110235214,0.6263712048530579,0.8556264638900757,-0.0603327676653862,0.6799900531768799,0.8538582921028137,-0.07479670643806458,0.7241498231887817,0.8621581196784973,-0.08346622437238693,0.5531736612319946,0.8688228726387024,-0.02662811055779457,0.6139885783195496,0.8500931859016418,-0.04108265042304993,0.6567449569702148,0.8470467329025269,-0.048925239592790604,0.6935023069381714,0.8519479632377625,-0.05350306257605553
0.4028772711753845,0.8710628747940063,8.654790804030199e-07,0.39699429273605347,0.7970935106277466,-0.07917536795139313,0.41251784563064575,0.7355549335479736,-0.12248514592647552,0.4328680634498596,0.6828196048736572,-0.15215221047401428,0.4582099914550781,0.6306511759757996,-0.1796809434890747,0.5394849181175232,0.8048776984214783,-0.09158399701118469,0.6219164729118347,0.7927597761154175,-0.12298863381147385,0.6764230132102966,0.7936150431632996,-0.1475144773721695,0.7208577394485474,0.794758141040802,-0.16264446079730988,0.5504879951477051,0.8372493982315063,-0.06406300514936447,0.634978711605072,0.833482027053833,-0.09408121556043625,0.6923028230667114,0.8423914909362793,-0.11674872785806656,0.7383729219436646,0.8566769361495972,-0.13159574568271637,0.554742157459259,0.8453859090805054,-0.041016701608896255,0.6271507143974304,0.8295206427574158,-0.06315142661333084,0.6791452765464783,0.8335921168327332,-0.08016899973154068,0.7219702005386353,0.8472127318382263,-0.09037622809410095,0.5561993718147278,0.8341020941734314,-0.024278173223137856,0.6166542172431946,0.8141887187957764,-0.03924180567264557,0.6588798761367798,0.8106415271759033,-0.04862576723098755,0.6948505640029907,0.8175352215766907,-0.05440399795770645
0.40632814168930054,0.857256293296814,9.401427973898535e-07,0.39637917280197144,0.7782710194587708,-0.09280368685722351,0.41257229447364807,0.7209024429321289,-0.1431005597114563,0.4347483515739441,0.6689999103546143,-0.17537614703178406,0.46161675453186035,0.609304666519165,-0.20624837279319763,0.5383209586143494,0.7955144643783569,-0.11485312134027481,0.6199946403503418,0.776321530342102,-0.14376294612884521,0.6711611151695251,0.7719638347625732,-0.16687196493148804,0.7149810194969177,0.7697088122367859,-0.1825752705335617,0.5538220405578613,0.837149441242218,-0.07656007260084152,0.6380202174186707,0.8352076411247253,-0.10724412649869919,0.6939968466758728,0.8465847373008728,-0.1330486238002777,0.7385547161102295,0.8647179007530212,-0.1520584523677826,0.5582076907157898,0.849410891532898,-0.04127985239028931,0.6312829852104187,0.8362842798233032,-0.0631805956363678,0.6833663582801819,0.8402191996574402,-0.08580043911933899,0.7248902916908264,0.8538286685943604,-0.10180286318063736,0.5606315732002258,0.8376261591911316,-0.012166843749582767,0.6214315295219421,0.8197318315505981,-0.02658882550895214,0.6628066301345825,0.8171929121017456,-0.04011513665318489,0.699333906173706,0.8248394131660461,-0.05109190568327904
0.4018999934196472,0.8745144009590149,7.812895432834921e-07,0.3957803547382355,0.7993216514587402,-0.08164002001285553,0.41083571314811707,0.7376238107681274,-0.1280694603919983,0.43235713243484497,0.6840107440948486,-0.1604287177324295,0.45749610662460327,0.6282602548599243,-0.19110578298568726,0.5361204147338867,0.8137173652648926,-0.10006032139062881,0.6155219078063965,0.796431303024292,-0.1345360279083252,0.6672672629356384,0.7920566201210022,-0.1616743803024292,0.7119954228401184,0.7894469499588013,-0.17919816076755524,0.5511215329170227,0.8511077165603638,-0.07166662067174911,0.6336981654167175,0.8494356870651245,-0.10427389293909073,0.6912854909896851,0.8580919504165649,-0.12965379655361176,0.7390097379684448,0.871269941329956,-0.147397980093956,0.557140588760376,0.862928032875061,-0.04722460359334946,0.6289077997207642,0.8539982438087463,-0.07226034998893738,0.6832829713821411,0.8592420816421509,-0.09300217777490616,0.7285768389701843,0.8714910745620728,-0.10638869553804398,0.5602551102638245,0.8539496064186096,-0.028715336695313454,0.6198133230209351,0.84160315990448,-0.04610985517501831,0.6646339297294617,0.8383971452713013,-0.05807597562670708,0.7040406465530396,0.8442896008491516,-0.0664316713809967
0.3986973464488983,0.8783506155014038,8.512505473845522e-07,0.39244264364242554,0.7985148429870605,-0.08524327725172043,0.40912535786628723,0.740779459476471,-0.13216771185398102,0.43401503562927246,0.6943631172180176,-0.16374284029006958,0.46241286396980286,0.6439724564552307,-0.19359804689884186,0.5327754616737366,0.824255108833313,-0.10198338329792023,0.6166503429412842,0.8074136972427368,-0.1325388252735138,0.6692451238632202,0.8054752945899963,-0.15648458898067474,0.7138179540634155,0.8046839833259583,-0.1720888465642929,0.5469307899475098,0.8672049641609192,-0.06999902427196503,0.6326131224632263,0.859478771686554,-0.10066339373588562,0.6914615631103516,0.866547167301178,-0.1253436654806137,0.737930417060852,0.8788992166519165,-0.1428321748971939,0.5515785813331604,0.8823689818382263,-0.04170472174882889,0.6246844530105591,0.8688315153121948,-0.06450878083705902,0.6798408627510071,0.8713244199752808,-0.08500862866640091,0.7241079807281494,0.8818305134773254,-0.09877106547355652,0.5540369153022766,0.8740988969802856,-0.019519882276654243,0.6135336756706238,0.861343502998352,-0.03496453911066055,0.6571885347366333,0.8576906323432922,-0.047015007585287094,0.6952346563339233,0.8632991909980774,-0.056007638573646545
0.39694637060165405,0.8810656070709229,9.225236112797575e-07,0.3899819850921631,0.8006072640419006,-0.0975893959403038,0.4083656072616577,0.74889075756073,-0.15026096999645233,0.43162959814071655,0.6976959705352783,-0.18390247225761414,0.4611241817474365,0.6475464105606079,-0.21642139554023743,0.5332785248756409,0.8368791937828064,-0.11945830285549164,0.6170008182525635,0.8196644186973572,-0.14949949085712433,0.6697593927383423,0.8150856494903564,-0.17463868856430054,0.7146302461624146,0.8121623992919922,-0.1916373372077942,0.5468406081199646,0.8776838183403015,-0.07702727615833282,0.6350018978118896,0.8743742108345032,-0.10497032105922699,0.6915898323059082,0.8819975852966309,-0.13012292981147766,0.7368768453598022,0.8929507732391357,-0.1492292732000351,0.5509145259857178,0.8903246521949768,-0.037725456058979034,0.6248316764831543,0.8777214884757996,-0.05498605594038963,0.6785439848899841,0.8822526335716248,-0.0764305591583252,0.7204989194869995,0.8928492069244385,-0.09254078567028046,0.5527627468109131,0.8804625868797302,-0.005293050780892372,0.6131404638290405,0.8687044382095337,-0.01543901115655899,0.6545202732086182,0.8665304183959961,-0.027669427916407585,0.6902945637702942,0.874384343624115,-0.038288552314043045
0.3941705822944641,0.8840416669845581,9.674083685240475e-07,0.3895612359046936,0.8079650402069092,-0.10135263949632645,0.40799960494041443,0.7561367154121399,-0.1566166877746582,0.4304024577140808,0.7020927667617798,-0.19242192804813385,0.45998626947402954,0.6494264602661133,-0.2270643413066864,0.5337595343589783,0.8416792154312134,-0.12070467323064804,0.6195488572120667,0.8233543038368225,-0.1487748622894287,0.6727977395057678,0.8179170489311218,-0.17256483435630798,0.7171578407287598,0.8152470588684082,-0.18892118334770203,0.5462678074836731,0.8790160417556763,-0.0760190412402153,0.636682391166687,0.8749189376831055,-0.1017308384180069,0.6927782297134399,0.8833167552947998,-0.12615466117858887,0.7377604246139526,0.8969749212265015,-0.14509324729442596,0.5495421886444092,0.8888755440711975,-0.034656625241041183,0.6250197291374207,0.8759437799453735,-0.048757996410131454,0.6784080266952515,0.8805236220359802,-0.06943027675151825,0.7186834812164307,0.8918489217758179,-0.08577362447977066,0.5502895712852478,0.8760098218917847,-0.0006979808676987886,0.6114392280578613,0.8594732284545898,-0.007916158996522427,0.652470588684082,0.8538499474525452,-0.019391518086194992,0.6866056323051453,0.8601427674293518,-0.03011002019047737
0.3925628066062927,0.883965790271759,9.214774081556243e-07,0.38984984159469604,0.8055949211120605,-0.09595529735088348,0.4080328941345215,0.7501013875007629,-0.14787663519382477,0.42990827560424805,0.6948164105415344,-0.18159691989421844,0.46029219031333923,0.6439262628555298,-0.21384872496128082,0.5327355265617371,0.8399873971939087,-0.11248385906219482,0.6181696653366089,0.8199710845947266,-0.13959522545337677,0.6706820130348206,0.8137607574462891,-0.16296935081481934,0.7153333425521851,0.8097174167633057,-0.1791088879108429,0.5454285740852356,0.8789308071136475,-0.07107708603143692,0.635505199432373,0.8727301359176636,-0.09657478332519531,0.6917788982391357,0.8818532228469849,-0.12056094408035278,0.7363146543502808,0.8957617878913879,-0.1388925015926361,0.5486171245574951,0.8893033266067505,-0.033160850405693054,0.6247853636741638,0.8747860193252563,-0.04787242040038109,0.679013192653656,0.8784021735191345,-0.06813812255859375,0.7207591533660889,0.8887381553649902,-0.083653025329113,0.5495604872703552,0.8761593103408813,-0.0023527585435658693,0.6125796437263489,0.8582305908203125,-0.010642483830451965,0.6549938917160034,0.8513334393501282,-0.022059373557567596,0.6908737421035767,0.8569684028625488,-0.03218015283346176
0.3964040279388428,0.8750666975975037,9.690111255622469e-07,0.39176416397094727,0.7995119690895081,-0.09892874956130981,0.40920785069465637,0.7462916970252991,-0.15290077030658722,0.430727481842041,0.6911013126373291,-0.18768000602722168,0.46204477548599243,0.6371433138847351,-0.2208477407693863,0.5344544649124146,0.8362964391708374,-0.11824087798595428,0.6187552213668823,0.8144857883453369,-0.14523203670978546,0.6711995601654053,0.8055438995361328,-0.1679334193468094,0.7150363922119141,0.8009662628173828,-0.1835780143737793,0.5481668710708618,0.873069167137146,-0.07368674129247665,0.6385209560394287,0.8685420751571655,-0.09905366599559784,0.6937720775604248,0.8774399757385254,-0.12199096381664276,0.7380600571632385,0.8911219835281372,-0.13946160674095154,0.5514852404594421,0.882127046585083,-0.03221116587519646,0.6253373622894287,0.8631557822227478,-0.04541834071278572,0.6765491962432861,0.8610968589782715,-0.06398910284042358,0.7148435115814209,0.865817129611969,-0.0784669741988182,0.5516772866249084,0.8679958581924438,0.0020000135991722345,0.613111138343811,0.8462275862693787,-0.004859940614551306,0.6522775888442993,0.8374931216239929,-0.015047324821352959,0.6848300695419312,0.8401837348937988,-0.024328377097845078
0.39534464478492737,0.8793448209762573,9.52276025145693e-07,0.3917433023452759,0.7997589111328125,-0.09817875176668167,0.4101676940917969,0.7452514171600342,-0.15168027579784393,0.43373435735702515,0.6878976225852966,-0.18632018566131592,0.4627124071121216,0.6324285268783569,-0.2193986177444458,0.5372329950332642,0.8335639238357544,-0.11426698416471481,0.6213728189468384,0.8124514818191528,-0.140398770570755,0.6739616990089417,0.8058034777641296,-0.162719264626503,0.7172593474388123,0.8023020029067993,-0.17804306745529175,0.5497611165046692,0.8718746304512024,-0.07048618048429489,0.6398856043815613,0.867904007434845,-0.09446721524000168,0.6945163607597351,0.8762242794036865,-0.11667710542678833,0.7383496165275574,0.8900602459907532,-0.13360920548439026,0.5529125332832336,0.882632315158844,-0.030142473056912422,0.6281065940856934,0.8689315319061279,-0.04282249137759209,0.6805260181427002,0.871056318283081,-0.061476003378629684,0.7203870415687561,0.8793553113937378,-0.07595007866621017,0.5535081028938293,0.8706001043319702,0.002917829668149352,0.6159026026725769,0.8525629043579102,-0.003232690505683422,0.656588613986969,0.846306562423706,-0.013287626206874847,0.6909257769584656,0.8515542149543762,-0.02252359688282013
0.3954622745513916,0.8789018392562866,9.385873340761464e-07,0.39158275723457336,0.797947347164154,-0.09722647070884705,0.41021278500556946,0.7451933026313782,-0.15043605864048004,0.4346231520175934,0.691490888595581,-0.18444988131523132,0.4640299677848816,0.6365178823471069,-0.21699674427509308,0.536891758441925,0.8347968459129333,-0.1158110722899437,0.6226447224617004,0.8156935572624207,-0.14061640202999115,0.6753885746002197,0.8094009160995483,-0.16115984320640564,0.7183971405029297,0.8069013953208923,-0.17496250569820404,0.5478271245956421,0.8753016591072083,-0.07132012397050858,0.6385051012039185,0.8689004182815552,-0.09401027113199234,0.6933460235595703,0.8753644824028015,-0.1145896166563034,0.7368541955947876,0.8883553147315979,-0.13035458326339722,0.5500715374946594,0.8886841535568237,-0.029780080541968346,0.6248264908790588,0.8752658367156982,-0.041031792759895325,0.677793025970459,0.8775838017463684,-0.05836326256394386,0.7182943224906921,0.8856359124183655,-0.0722745954990387,0.5498068928718567,0.8795735239982605,0.0047284085303545,0.6094421744346619,0.8621203303337097,0.00039340247167274356,0.6488970518112183,0.8566256761550903,-0.008197618648409843,0.6824154257774353,0.860428512096405,-0.01667487435042858
0.3945580720901489,0.8898184895515442,8.404732056987996e-07,0.39238280057907104,0.8087849617004395,-0.0888100117444992,0.40995293855667114,0.752556562423706,-0.13825133442878723,0.4344000816345215,0.7029052376747131,-0.17127805948257446,0.46364808082580566,0.6501903533935547,-0.20237958431243896,0.5375910997390747,0.84165358543396,-0.10657580941915512,0.6223459839820862,0.8277378678321838,-0.13613033294677734,0.6754449605941772,0.8226810097694397,-0.15971489250659943,0.7205272912979126,0.8171124458312988,-0.1751335859298706,0.5489755868911743,0.8850675225257874,-0.071182981133461,0.6368331909179688,0.8784990906715393,-0.10019221901893616,0.6951667666435242,0.8834087252616882,-0.12280894815921783,0.7407482862472534,0.8928706049919128,-0.13876080513000488,0.5517463088035583,0.9006439447402954,-0.039317723363637924,0.6275616884231567,0.8879907727241516,-0.059152886271476746,0.6818243861198425,0.8893358707427979,-0.07620558142662048,0.7250608205795288,0.8969315886497498,-0.08773922920227051,0.5530502796173096,0.8942168951034546,-0.013987332582473755,0.6145462393760681,0.881024956703186,-0.02633478119969368,0.6572191715240479,0.8766827583312988,-0.03534117713570595,0.6943323612213135,0.8811255693435669,-0.04203281179070473
0.39376622438430786,0.9134979248046875,7.773751349304803e-07,0.39241111278533936,0.8292780518531799,-0.0794886127114296,0.4113953709602356,0.7631875276565552,-0.12416525930166245,0.437096506357193,0.7150619029998779,-0.15548491477966309,0.4653056263923645,0.6688031554222107,-0.18436506390571594,0.5359295606613159,0.8508784770965576,-0.09148526191711426,0.6232318878173828,0.8470025658607483,-0.1238793283700943,0.6794642806053162,0.8453434109687805,-0.14912502467632294,0.7264200448989868,0.8433089256286621,-0.16518336534500122,0.5462151765823364,0.8966333270072937,-0.0655045211315155,0.6346069574356079,0.8917239308357239,-0.09588423371315002,0.6954788565635681,0.8931373357772827,-0.11843758076429367,0.7442684769630432,0.8992960453033447,-0.1336180567741394,0.5504041314125061,0.9160962700843811,-0.04419277235865593,0.6264328360557556,0.9032606482505798,-0.06691615283489227,0.6823879480361938,0.8997081518173218,-0.08328314870595932,0.7278693318367004,0.9038376808166504,-0.09346400201320648,0.552560031414032,0.9130904078483582,-0.02941177599132061,0.614339292049408,0.9002470374107361,-0.04565604403614998,0.6589990854263306,0.8958884477615356,-0.05507888272404671,0.6971747875213623,0.8974827527999878,-0.06089160218834877
0.39433926343917847,0.9241538047790527,7.253007652252563e-07,0.39783066511154175,0.8514405488967896,-0.06733612716197968,0.4176592230796814,0.7903811931610107,-0.10579829663038254,0.442246675491333,0.7386549115180969,-0.1340450942516327,0.46684837341308594,0.6902576684951782,-0.15965361893177032,0.5413354635238647,0.8801400661468506,-0.0697133019566536,0.6254251599311829,0.880570113658905,-0.09923989325761795,0.6815301179885864,0.879065990447998,-0.12325584888458252,0.7272770404815674,0.8767197728157043,-0.1385883092880249,0.5518994331359863,0.9212343692779541,-0.05051783099770546,0.6362122893333435,0.9207920432090759,-0.07659395784139633,0.6964603662490845,0.9207423329353333,-0.09662032127380371,0.7457851767539978,0.9233062267303467,-0.10983101278543472,0.5561410188674927,0.9388070702552795,-0.036378711462020874,0.6284905672073364,0.9320310354232788,-0.05571860074996948,0.681800127029419,0.9287756085395813,-0.06841098517179489,0.7261099815368652,0.9285417795181274,-0.07591450214385986,0.5564574003219604,0.9367057085037231,-0.028410788625478745,0.6146222352981567,0.9296858310699463,-0.04247633367776871,0.6580925583839417,0.9275191426277161,-0.04889920726418495,0.6956702470779419,0.9269254803657532,-0.052082162350416183
0.3940925896167755,0.9475734233856201,7.930164542813145e-07,0.4012172520160675,0.8585352897644043,-0.07921385020017624,0.42660367488861084,0.8021806478500366,-0.1232062354683876,0.4593795835971832,0.7654220461845398,-0.15399587154388428,0.4861924350261688,0.7304540276527405,-0.1817558854818344,0.5461649894714355,0.9148593544960022,-0.08088696748018265,0.6323458552360535,0.9146680235862732,-0.10458225011825562,0.6867300271987915,0.9065874218940735,-0.12381398677825928,0.7290189862251282,0.896479070186615,-0.13653507828712463,0.5537927746772766,0.9602066874504089,-0.052124734967947006,0.6423222422599792,0.9579500555992126,-0.07347774505615234,0.7002713680267334,0.9492388963699341,-0.08921750634908676,0.7437045574188232,0.9442101120948792,-0.09978031367063522,0.5552626252174377,0.9792788624763489,-0.02837110310792923,0.6306871175765991,0.968309760093689,-0.0425918884575367,0.6828542351722717,0.9570127129554749,-0.052929989993572235,0.7240117788314819,0.9491125345230103,-0.059952836483716965,0.55550217628479,0.9782319068908691,-0.011598533019423485,0.6146149635314941,0.9667741060256958,-0.02183515951037407,0.654861330986023,0.9565954208374023,-0.027278268709778786,0.6894837617874146,0.9482364654541016,-0.030783571302890778
0.39888179302215576,0.9538026452064514,5.474962563312147e-07,0.4148937463760376,0.8598902225494385,-0.06917372345924377,0.44585639238357544,0.8080148100852966,-0.10729551315307617,0.4836336374282837,0.785334050655365,-0.13430443406105042,0.5060539245605469,0.7945212125778198,-0.1581469178199768,0.5498232245445251,0.9477313160896301,-0.06791608780622482,0.6319944262504578,0.941453754901886,-0.09074733406305313,0.6846833229064941,0.9303257465362549,-0.11026666313409805,0.7264048457145691,0.9180981516838074,-0.12369455397129059,0.556881308555603,0.9852059483528137,-0.043643370270729065,0.6396750211715698,0.9792474508285522,-0.0625367984175682,0.6939617991447449,0.9628505706787109,-0.07638280838727951,0.7354188561439514,0.9466673135757446,-0.08622429519891739,0.5593685507774353,1.0027554035186768,-0.0243002250790596,0.6322274208068848,0.9964308738708496,-0.03681337833404541,0.6808333992958069,0.986274003982544,-0.04542660340666771,0.7190041542053223,0.9756914973258972,-0.05125703662633896,0.5594363212585449,1.0020604133605957,-0.011512680910527706,0.6191156506538391,0.9996604323387146,-0.020335907116532326,0.6578099727630615,0.9933581352233887,-0.0251179039478302,0.690494179725647,0.9865083694458008,-0.028143033385276794
0.3984716236591339,0.9976169466972351,3.468207694368175e-07,0.42302051186561584,0.9045690298080444,-0.05562713369727135,0.46744564175605774,0.8554639220237732,-0.08367960900068283,0.5122382044792175,0.8495957255363464,-0.1030382364988327,0.551937997341156,0.8496118783950806,-0.11859700828790665,0.5546895861625671,0.980334997177124,-0.05094486474990845,0.6329473853111267,0.9765673279762268,-0.07253663241863251,0.6818410754203796,0.9638839960098267,-0.09055763483047485,0.7200326919555664,0.9448482394218445,-0.10210166126489639,0.555865466594696,1.015039086341858,-0.03420305252075195,0.6292280554771423,1.0122506618499756,-0.053436048328876495,0.6788656711578369,0.9897540211677551,-0.06743140518665314,0.7138492465019226,0.9672335982322693,-0.07619131356477737,0.553909182548523,1.029383897781372,-0.022284582257270813,0.622505784034729,1.0187270641326904,-0.03928663954138756,0.6674548387527466,1.00142240524292,-0.04751742631196976,0.7020096182823181,0.9880062937736511,-0.05117834359407425,0.5511700510978699,1.0301225185394287,-0.015372104942798615,0.6100257635116577,1.0203744173049927,-0.02840198390185833,0.6487451195716858,1.0074424743652344,-0.03182206675410271,0.678828239440918,0.9961994290351868,-0.0322941355407238
0.4020594656467438,1.0276224613189697,2.3623421441243408e-07,0.42753908038139343,0.9330248236656189,-0.05415378510951996,0.4781087040901184,0.8885349035263062,-0.07724277675151825,0.5341282486915588,0.8772923946380615,-0.09050964564085007,0.5848179459571838,0.8712892532348633,-0.10018212348222733,0.5410228967666626,1.0290288925170898,-0.05047038570046425,0.6185907125473022,1.028684139251709,-0.06963804364204407,0.6678712964057922,1.0113768577575684,-0.0839138850569725,0.7051347494125366,0.9911512732505798,-0.0929013267159462,0.5455919504165649,1.0753626823425293,-0.03121368959546089,0.6228674650192261,1.0720422267913818,-0.04809573292732239,0.6722244620323181,1.04551362991333,-0.0597209632396698,0.7083004713058472,1.0193427801132202,-0.06763086467981339,0.5468445420265198,1.0998557806015015,-0.016329241916537285,0.6182012557983398,1.096376657485962,-0.03325875848531723,0.6630123853683472,1.0731667280197144,-0.041912056505680084,0.6969488263130188,1.04960298538208,-0.046114157885313034,0.5478118658065796,1.1082665920257568,-0.005815538112074137,0.6076687574386597,1.106101155281067,-0.02162814699113369,0.6461693048477173,1.0914770364761353,-0.028772171586751938,0.6763688325881958,1.072023868560791,-0.03163069114089012
0.4036679267883301,1.0699560642242432,1.893693735155466e-07,0.4336813688278198,0.9687769412994385,-0.042132508009672165,0.5003756880760193,0.9075035452842712,-0.05701349675655365,0.5641709566116333,0.8934202790260315,-0.0648757591843605,0.6169898509979248,0.8918821811676025,-0.06931379437446594,0.5413534641265869,1.030002474784851,-0.023503486067056656,0.6085313558578491,1.0463117361068726,-0.03157813474535942,0.6432293653488159,1.048383116722107,-0.03884318843483925,0.6660863757133484,1.0466660261154175,-0.04356753081083298,0.5397205352783203,1.1011362075805664,-0.006522690877318382,0.6055543422698975,1.1190658807754517,-0.00680299149826169,0.6392830610275269,1.1155797243118286,-0.009208831004798412,0.6604057550430298,1.1178786754608154,-0.012596630491316319,0.5328981876373291,1.1574879884719849,0.005857613869011402,0.5943596959114075,1.1766843795776367,0.0029423008672893047,0.6247869729995728,1.1725080013275146,0.004751173779368401,0.6474681496620178,1.1765012741088867,0.005488831549882889,0.5248554348945618,1.200837254524231,0.014408773742616177,0.574612557888031,1.2199680805206299,0.01120560523122549,0.5999295711517334,1.2208607196807861,0.013380516320466995,0.6185178160667419,1.2265043258666992,0.015280096791684628
0.7640805244445801,0.5442063808441162,-9.58801138040144e-07,0.650252103805542,0.5610796213150024,-0.011372372508049011,0.5648682713508606,0.4897652864456177,-0.023372236639261246,0.49670588970184326,0.4491617679595947,-0.036849088966846466,0.43451929092407227,0.4283098578453064,-0.04835362359881401,0.5938507318496704,0.18669086694717407,-0.011805109679698944,0.48220890760421753,0.2963394522666931,-0.04287511482834816,0.47058987617492676,0.4120945930480957,-0.06629416346549988,0.4853295683860779,0.4656885266304016,-0.08096419274806976,0.6283403038978577,0.17734454572200775,-0.02322251908481121,0.5027894377708435,0.31262028217315674,-0.04826182872056961,0.4943698048591614,0.43200233578681946,-0.061981137841939926,0.5022531151771545,0.4858834147453308,-0.072468101978302,0.6605343818664551,0.21229606866836548,-0.03730980306863785,0.5343388915061951,0.35001257061958313,-0.06291240453720093,0.5324782729148865,0.4633423686027527,-0.05947379395365715,0.5452694892883301,0.507178783416748,-0.05573698878288269,0.6896091103553772,0.2874620854854584,-0.05287031829357147,0.5877685546875,0.39748281240463257,-0.07774605602025986,0.5744703412055969,0.47396722435951233,-0.07636548578739166,0.5816975831985474,0.5082151889801025,-0.07042119652032852
0.7818944454193115,0.5516700744628906,-9.72521092990064e-07,0.6770872473716736,0.5599883198738098,-0.030144086107611656,0.5794174671173096,0.4768770933151245,-0.05135559290647507,0.509142279624939,0.4203556776046753,-0.07210459560155869,0.4488075375556946,0.3852440118789673,-0.08660826086997986,0.6190066933631897,0.1533648520708084,-0.022143421694636345,0.5124238133430481,0.2514706254005432,-0.07013840228319168,0.5369287133216858,0.36576831340789795,-0.09646768122911453,0.5753231048583984,0.3849954605102539,-0.10892974585294724,0.6704240441322327,0.12709566950798035,-0.02846328727900982,0.5589712858200073,0.2685477137565613,-0.071258544921875,0.5897339582443237,0.3890002369880676,-0.07554218173027039,0.6254057288169861,0.38365641236305237,-0.07182890176773071,0.7224315404891968,0.14765766263008118,-0.04228436201810837,0.6137487292289734,0.2940751314163208,-0.08588862419128418,0.6423717737197876,0.4050687551498413,-0.06771541386842728,0.6791454553604126,0.4013007581233978,-0.04756297543644905,0.7680195569992065,0.2019956409931183,-0.059748951345682144,0.6759621500968933,0.311246395111084,-0.09314967691898346,0.6882827877998352,0.39713209867477417,-0.08301480114459991,0.7206231951713562,0.40459102392196655,-0.06627781689167023
0.8443043231964111,0.5156137943267822,-1.030818793879007e-06,0.7335922718048096,0.5319820046424866,-0.029833978042006493,0.6218447685241699,0.4368821680545807,-0.039596494287252426,0.5593278408050537,0.3347274363040924,-0.04931129887700081,0.5192419290542603,0.2907402813434601,-0.05145569518208504,0.6548717021942139,0.11087581515312195,0.006473496090620756,0.575727641582489,0.16576489806175232,-0.03578907251358032,0.6016218662261963,0.2905823588371277,-0.06339341402053833,0.6334536671638489,0.32531359791755676,-0.07694678753614426,0.7125104069709778,0.08078905940055847,0.0013986460398882627,0.6312479972839355,0.16173191368579865,-0.03762826696038246,0.6551704406738281,0.29761025309562683,-0.045784518122673035,0.6886709928512573,0.324669748544693,-0.04093039780855179,0.7737329006195068,0.09568674862384796,-0.012950664386153221,0.6966389417648315,0.17740336060523987,-0.0551454983651638,0.7153509855270386,0.3070341646671295,-0.041689831763505936,0.7462829947471619,0.3309965431690216,-0.02150818519294262,0.8356305360794067,0.14398780465126038,-0.03116970881819725,0.7667523622512817,0.20549771189689636,-0.059733133763074875,0.7735490798950195,0.3047473430633545,-0.04737086221575737,0.8009433150291443,0.3280707001686096,-0.027764661237597466
0.43536877632141113,0.994621217250824,5.132866931489843e-07,0.4685240387916565,0.9630820751190186,-0.023527171462774277,0.5175730586051941,0.9385498762130737,-0.034115079790353775,0.5583557486534119,0.9346022009849548,-0.03972470387816429,0.5934193730354309,0.9365686178207397,-0.04527546837925911,0.5058623552322388,0.9179215431213379,-0.02840404212474823,0.5526270866394043,0.9167964458465576,-0.03763580694794655,0.5871145725250244,0.9267097115516663,-0.04396408051252365,0.6104964017868042,0.9368478059768677,-0.04745728150010109,0.4938946068286896,0.953951895236969,-0.020050879567861557,0.5426239967346191,0.9507546424865723,-0.02410869300365448,0.5759561657905579,0.9590566158294678,-0.028701553121209145,0.6010497212409973,0.968940794467926,-0.03399568051099777,0.4832898676395416,0.9934946894645691,-0.013020491227507591,0.5250611901283264,1.0057915449142456,-0.016764147207140923,0.5519463419914246,1.0208563804626465,-0.018978770822286606,0.5721070170402527,1.0363587141036987,-0.02181154116988182,0.4741246998310089,1.0333008766174316,-0.007554694544523954,0.50774085521698,1.0435662269592285,-0.010288946330547333,0.5292825102806091,1.05974280834198,-0.01001617033034563,0.5440981984138489,1.0729589462280273,-0.010584577918052673
0.430662602186203,1.0115033388137817,6.475270879491291e-07,0.4697505235671997,0.9669277667999268,-0.023825494572520256,0.5190567970275879,0.9426767230033875,-0.03442702442407608,0.5614847540855408,0.9407157897949219,-0.040726810693740845,0.6008037328720093,0.944141685962677,-0.047182757407426834,0.5084822177886963,0.9243221282958984,-0.010628334246575832,0.5529959201812744,0.9265011548995972,-0.011507670395076275,0.58665931224823,0.9396379590034485,-0.014275588095188141,0.6094245314598083,0.9552689790725708,-0.016636114567518234,0.4934579133987427,0.9767555594444275,-0.0005794258904643357,0.5370952486991882,0.9856100082397461,0.00276178028434515,0.5691170692443848,1.009540319442749,-0.0015413810033351183,0.5926418900489807,1.0364179611206055,-0.007499149069190025,0.47966697812080383,1.0232362747192383,0.007500695530325174,0.5192326307296753,1.0423160791397095,0.010755859315395355,0.5478436946868896,1.0684425830841064,0.00900308508425951,0.5688522458076477,1.0938727855682373,0.0049843695014715195,0.4683597981929779,1.0646237134933472,0.013658999465405941,0.500660240650177,1.078018069267273,0.017020247876644135,0.5230656862258911,1.098406434059143,0.018850136548280716,0.5391388535499573,1.1138746738433838,0.01830154098570347
0.42653927206993103,1.0264708995819092,6.90095987465611e-07,0.46862876415252686,0.9700795412063599,-0.027558675035834312,0.519464373588562,0.9384421110153198,-0.03430744633078575,0.5623993277549744,0.9334154725074768,-0.03599502146244049,0.603740930557251,0.9357863068580627,-0.03719819709658623,0.5131746530532837,0.9245473146438599,0.010606221854686737,0.5573367476463318,0.9287917613983154,0.02354426495730877,0.5883719325065613,0.9406427145004272,0.026885177940130234,0.6106342673301697,0.9526941180229187,0.02726970799267292,0.5003414154052734,0.9807022213935852,0.027716245502233505,0.5403479337692261,0.9854810833930969,0.04537084326148033,0.5700671672821045,1.006759524345398,0.04350089654326439,0.5922234654426575,1.0299980640411377,0.03779840096831322,0.48834899067878723,1.0287338495254517,0.04161616042256355,0.5249449610710144,1.0450924634933472,0.05756867676973343,0.5502160787582397,1.0682917833328247,0.05517954006791115,0.5691075921058655,1.0911941528320312,0.048830196261405945,0.48086392879486084,1.0738672018051147,0.05278618261218071,0.5117810964584351,1.0845855474472046,0.06661075353622437,0.5329357385635376,1.1021277904510498,0.06868378818035126,0.5498248934745789,1.1157194375991821,0.06667689234018326
0.4209139943122864,1.0317062139511108,6.626093522754672e-07,0.46234720945358276,0.971066951751709,-0.0238190945237875,0.5174799561500549,0.9381807446479797,-0.02731540985405445,0.5649991631507874,0.9341540932655334,-0.026381317526102066,0.6076509952545166,0.9375835657119751,-0.024404039606451988,0.5098502039909363,0.9302574396133423,0.020433945581316948,0.5570273399353027,0.9286986589431763,0.03617202118039131,0.589974045753479,0.9379056692123413,0.04090195894241333,0.612783670425415,0.9468379616737366,0.04218108952045441,0.5008065700531006,0.9873247146606445,0.035798609256744385,0.5454506278038025,0.9864585399627686,0.057910170406103134,0.5767738819122314,0.9992056488990784,0.05805661529302597,0.6013593077659607,1.0136369466781616,0.053406622260808945,0.4913339614868164,1.0341752767562866,0.04752765968441963,0.5321738719940186,1.0472636222839355,0.06687549501657486,0.5598035454750061,1.0617153644561768,0.06693583726882935,0.5816127061843872,1.078567385673523,0.06190856173634529,0.4854721128940582,1.0823173522949219,0.05648712441325188,0.5204263925552368,1.0909899473190308,0.07232344150543213,0.5434448719024658,1.1064802408218384,0.07663730531930923,0.5618006587028503,1.1169699430465698,0.07633928209543228
