x0,y0,z0,x1,y1,z1,x2,y2,z2,x3,y3,z3,x4,y4,z4,x5,y5,z5,x6,y6,z6,x7,y7,z7,x8,y8,z8,x9,y9,z9,x10,y10,z10,x11,y11,z11,x12,y12,z12,x13,y13,z13,x14,y14,z14,x15,y15,z15,x16,y16,z16,x17,y17,z17,x18,y18,z18,x19,y19,z19,x20,y20,z20
0.0,0.0,0.0,-0.019863784313201904,-0.06220191717147827,0.0004536809326225466,-0.017879486083984375,-0.12041926383972168,-0.001659668337453013,-0.0013343095779418945,-0.15689170360565186,-0.004323578027907615,0.014255523681640625,-0.16948086023330688,-0.005986873580042129,0.020575284957885742,-0.17693603038787842,-0.003456041503596907,0.024599432945251465,-0.17716681957244873,-0.005438467541608816,0.02086406946182251,-0.14926064014434814,-0.007402387967232471,0.015180766582489014,-0.12833303213119507,-0.009194097069922691,0.04583168029785156,-0.15783894062042236,-0.006975203340772396,0.04629546403884888,-0.1435646414756775,-0.005589011179182535,0.03725838661193848,-0.11851805448532104,-0.006796539815042024,0.028378605842590332,-0.10100334882736206,-0.008914716130021816,0.06487858295440674,-0.12438935041427612,-0.009854631086710697,0.060444414615631104,-0.11178243160247803,-0.00914907507402063,0.05149024724960327,-0.09224790334701538,-0.008392408078435665,0.04206645488739014,-0.07564043998718262,-0.009131362249974018,0.07812201976776123,-0.08627623319625854,-0.012942860422555214,0.07297086715698242,-0.07619470357894897,-0.012144200092080837,0.06318837404251099,-0.061482012271881104,-0.008911306558076149,0.05368095636367798,-0.04886674880981445,-0.006079047972235685
0.0,0.0,0.0,-0.01566976308822632,-0.05558508634567261,0.00019512870770199697,-0.010171353816986084,-0.11434918642044067,-0.0009218157256043469,0.006696939468383789,-0.15441030263900757,-0.0021720685517436777,0.021422207355499268,-0.1764681339263916,-0.002522801140884212,0.02618783712387085,-0.16897571086883545,-0.002178480940500549,0.029761075973510742,-0.16265684366226196,-0.0052390916725642,0.02507472038269043,-0.13462108373641968,-0.008611950416678837,0.01819455623626709,-0.11781305074691772,-0.011430182818884305,0.05000662803649902,-0.14964544773101807,-0.005958215658182553,0.052515268325805664,-0.13355863094329834,-0.006035108443910531,0.04353731870651245,-0.1090359091758728,-0.008914838869685582,0.033430397510528564,-0.094565749168396,-0.011744777065331391,0.06845313310623169,-0.11909902095794678,-0.009197024021858624,0.06669676303863525,-0.10173726081848145,-0.010444955293650082,0.05694723129272461,-0.08127331733703613,-0.010013496827895096,0.04657483100891113,-0.06813842058181763,-0.010371281158739976,0.08137470483779907,-0.08310723304748535,-0.012612678435260705,0.07759654521942139,-0.06739407777786255,-0.01447102925610011,0.06741797924041748,-0.04963773488998413,-0.011942859132403782,0.05778604745864868,-0.03872412443161011,-0.008961192656869343
0.0,0.0,0.0,-0.018384039402008057,-0.057238876819610596,-0.0012252773087197966,-0.012488603591918945,-0.1139875054359436,-0.0028981314900988764,0.006893932819366455,-0.14790266752243042,-0.00459748203155641,0.02316194772720337,-0.16412711143493652,-0.005392245242717308,0.027508556842803955,-0.16684412956237793,-0.0015650478819111413,0.03147387504577637,-0.15814876556396484,-0.005293094778778595,0.02558344602584839,-0.13035571575164795,-0.009626873994591278,0.017486929893493652,-0.1155889630317688,-0.012948000097992463,0.050663113594055176,-0.14467275142669678,-0.0045830060191178745,0.05305999517440796,-0.13580560684204102,-0.0057692921183729595,0.04352998733520508,-0.11281269788742065,-0.009325658196928543,0.03262072801589966,-0.09706097841262817,-0.012010270955386204,0.06776165962219238,-0.11249881982803345,-0.007352282053204817,0.06504559516906738,-0.09806060791015625,-0.00954553973150496,0.05485212802886963,-0.0788756012916565,-0.009767544681551499,0.04398220777511597,-0.06527203321456909,-0.009847695233645481,0.07927733659744263,-0.0753483772277832,-0.01038097985309605,0.07503503561019897,-0.0616641640663147,-0.01186188146692757,0.06470644474029541,-0.046889662742614746,-0.009408591540875477,0.054557740688323975,-0.03697645664215088,-0.006374796146872086
0.0,0.0,0.0,-0.016305267810821533,-0.057360053062438965,-0.0007635548399491654,-0.009196817874908447,-0.11331325769424438,-0.002396717042728369,0.011474430561065674,-0.14311128854751587,-0.004086449117465918,0.029805004596710205,-0.15034115314483643,-0.005001119178785984,0.03156787157058716,-0.1640295386314392,-0.0018054176625525997,0.03554815053939819,-0.15314161777496338,-0.005210834861799185,0.029645085334777832,-0.12523096799850464,-0.009456080225362484,0.021586894989013672,-0.11086529493331909,-0.012944062081231777,0.05509483814239502,-0.14105796813964844,-0.005126368560894434,0.05665016174316406,-0.12808692455291748,-0.005705235366775696,0.04701042175292969,-0.10514628887176514,-0.008914135237290566,0.03634554147720337,-0.09028851985931396,-0.011554240089907353,0.07211601734161377,-0.10810250043869019,-0.008101150234296028,0.06871551275253296,-0.09026652574539185,-0.009637773809089367,0.05824422836303711,-0.07153153419494629,-0.009637844589605038,0.04723244905471802,-0.05941051244735718,-0.00982354937966079,0.08317822217941284,-0.07012921571731567,-0.011369891305520241,0.07866793870925903,-0.052893996238708496,-0.012580675845100586,0.06779754161834717,-0.037916362285614014,-0.010094721642389004,0.05720233917236328,-0.028996944427490234,-0.007127742123856251
0.0,0.0,0.0,-0.01656872034072876,-0.057123422622680664,-0.0014701599417605848,-0.00847172737121582,-0.11289596557617188,-0.003497677941282973,0.013983011245727539,-0.13669443130493164,-0.005587277554383263,0.03312164545059204,-0.139021635055542,-0.006696797062119231,0.033150434494018555,-0.16307872533798218,-0.0016826403722518535,0.038928985595703125,-0.15651440620422363,-0.005336846311053023,0.03325372934341431,-0.12892091274261475,-0.009422437839617714,0.02531874179840088,-0.11359196901321411,-0.012572478123416886,0.05674409866333008,-0.13837730884552002,-0.004757450979610667,0.059949636459350586,-0.1269513964653015,-0.005267328668793425,0.05060386657714844,-0.10359668731689453,-0.007942062423040852,0.040041565895080566,-0.08873480558395386,-0.010031886019220337,0.07339197397232056,-0.10385537147521973,-0.007751080759277329,0.07035958766937256,-0.0860297679901123,-0.009036409289052472,0.059860289096832275,-0.06704545021057129,-0.008805498101224885,0.04897201061248779,-0.05557239055633545,-0.008759619288554177,0.08385270833969116,-0.06440675258636475,-0.01120998113643168,0.07937765121459961,-0.04578888416290283,-0.0121610626507902,0.06829345226287842,-0.03164130449295044,-0.009809446141531453,0.057669997215270996,-0.02428913116455078,-0.00692736366059421
0.0,0.0,0.0,-0.015666067600250244,-0.061469197273254395,6.248784063700441e-05,-0.006576120853424072,-0.1150052547454834,-0.0017079692812558278,0.015617787837982178,-0.13660913705825806,-0.0038558430284183487,0.03444546461105347,-0.13840538263320923,-0.00518284544943981,0.035231947898864746,-0.16141164302825928,-0.0008857120889160797,0.03990739583969116,-0.1519264578819275,-0.004312687019250916,0.0343705415725708,-0.12486046552658081,-0.008301335318378733,0.026447176933288574,-0.11028861999511719,-0.01133886904119663,0.05834555625915527,-0.13531005382537842,-0.004734828999630736,0.06030780076980591,-0.12083184719085693,-0.004958402762554215,0.05123966932296753,-0.098269522190094,-0.007781975368402527,0.0409160852432251,-0.08439058065414429,-0.010165003991119193,0.0745897889137268,-0.09975248575210571,-0.008296121774606036,0.07139837741851807,-0.08023691177368164,-0.009268044425539301,0.061220526695251465,-0.061547279357910156,-0.009123279644541071,0.05056482553482056,-0.05078780651092529,-0.0092946290284317,0.08478403091430664,-0.05952322483062744,-0.012182688271991537,0.08009439706802368,-0.04046142101287842,-0.012774792431287096,0.06901860237121582,-0.026479482650756836,-0.010243332876257227,0.058324575424194336,-0.019755959510803223,-0.007336037630579995
0.0,0.0,0.0,-0.015300154685974121,-0.06172835826873779,9.687370376809668e-05,-0.006282925605773926,-0.11503636837005615,-0.0014365110439769069,0.015858232975006104,-0.1360674500465393,-0.003237246641475622,0.03431981801986694,-0.13723456859588623,-0.004373859487060372,0.0358012318611145,-0.16026753187179565,-0.0012722473950645963,0.03827846050262451,-0.1576794981956482,-0.003738535673875276,0.03341168165206909,-0.13486254215240479,-0.0069457212123609224,0.027484655380249023,-0.12049698829650879,-0.009615490085963074,0.05871129035949707,-0.1336960792541504,-0.004903315439406697,0.05862069129943848,-0.12411999702453613,-0.004122725560847584,0.049531638622283936,-0.10303092002868652,-0.006212555210623805,0.04044008255004883,-0.08834034204483032,-0.0083181288685239,0.07449215650558472,-0.09725570678710938,-0.008139656729582612,0.06984478235244751,-0.0827786922454834,-0.0085158253680504,0.0600317120552063,-0.06492787599563599,-0.007997509896341626,0.05054056644439697,-0.05242186784744263,-0.008111452556732957,0.08420395851135254,-0.056561410427093506,-0.011652361474517647,0.07891958951950073,-0.04303693771362305,-0.011899273715499703,0.06829798221588135,-0.02946394681930542,-0.008960127703431908,0.05863994359970093,-0.020881831645965576,-0.005862428679648701
0.0,0.0,0.0,-0.013821601867675781,-0.06286019086837769,0.0030937226931371242,-0.0057367682456970215,-0.11493414640426636,0.0024480733065672666,0.014994621276855469,-0.13329660892486572,0.0008253547805168182,0.03181880712509155,-0.1296660304069519,-0.0002636121842272132,0.03548836708068848,-0.1576339602470398,0.001016237724087432,0.04267406463623047,-0.1556910276412964,-5.499600391090098e-05,0.03814190626144409,-0.1330992579460144,-0.0022126809251687973,0.030781209468841553,-0.11806684732437134,-0.004186409341656372,0.0578959584236145,-0.1302991509437561,-0.0035947063495598286,0.059957027435302734,-0.12149101495742798,-0.0010531384521357268,0.05149698257446289,-0.1013302206993103,-0.0019796016183875054,0.04155212640762329,-0.08601438999176025,-0.0035905642924092263,0.07359069585800171,-0.09408825635910034,-0.007596965695285007,0.07009994983673096,-0.0794033408164978,-0.0057398893893889635,0.06079310178756714,-0.06280070543289185,-0.004776065053903267,0.05050945281982422,-0.05041623115539551,-0.005159022568278715,0.08348554372787476,-0.054073989391326904,-0.011721469743662283,0.07971376180648804,-0.040527522563934326,-0.010206685683243677,0.06926846504211426,-0.027879655361175537,-0.0070669802860550135,0.05890995264053345,-0.01923924684524536,-0.0042555241869024485
0.0,0.0,0.0,-0.011819958686828613,-0.06313657760620117,0.002158948585389453,-0.0015659332275390625,-0.1149396300315857,0.001482954031786221,0.020099520683288574,-0.13296842575073242,0.0002679993207550524,0.037259578704833984,-0.12845396995544434,-0.0002958239770975979,0.04041475057601929,-0.15579062700271606,0.00013108001567729843,0.04696464538574219,-0.14506804943084717,-0.0003393228822403671,0.04155606031417847,-0.12243902683258057,-0.0019097046302647414,0.03322345018386841,-0.11089086532592773,-0.0036569839417950334,0.06242281198501587,-0.12568527460098267,-0.003843298282475871,0.06401115655899048,-0.11248737573623657,-0.001241353906692666,0.05486375093460083,-0.09349226951599121,-0.0020951080210522832,0.04403167963027954,-0.08040690422058105,-0.0037172244470582427,0.07744377851486206,-0.08815258741378784,-0.0071547376997784795,0.07370328903198242,-0.07301312685012817,-0.005353421539069814,0.06395888328552246,-0.05790114402770996,-0.004333546485753459,0.052780091762542725,-0.04739862680435181,-0.00467148992046873,0.08588528633117676,-0.04788166284561157,-0.010626650981606645,0.08154177665710449,-0.03520536422729492,-0.009402346432210607,0.07089954614639282,-0.023870408535003662,-0.006419141411782903,0.060125768184661865,-0.016801536083221436,-0.003675335885958475
0.0,0.0,0.0,-0.012899339199066162,-0.06272709369659424,0.003553344999914998,-0.0021430253982543945,-0.11484241485595703,0.004471472829123968,0.019951224327087402,-0.13215422630310059,0.004324860304137701,0.03660106658935547,-0.12784206867218018,0.0048701510685589255,0.03871637582778931,-0.15608948469161987,0.006218504525264734,0.05000936985015869,-0.15121042728424072,0.007079088028064007,0.044876039028167725,-0.13097888231277466,0.005633341513117784,0.03647482395172119,-0.11936020851135254,0.003918299816092485,0.06003689765930176,-0.1269511580467224,0.0019146993444394411,0.06458151340484619,-0.11767250299453735,0.005527459449609751,0.05525100231170654,-0.09956967830657959,0.004268076169779533,0.04437565803527832,-0.08777189254760742,0.0026082320991065444,0.07429367303848267,-0.0908041000366211,-0.0019740710114035664,0.072928786277771,-0.0770602822303772,0.0007273950767796578,0.06316608190536499,-0.0627104640007019,0.0013210544283595027,0.05233561992645264,-0.05295073986053467,0.0008267695237975659,0.08284670114517212,-0.051748037338256836,-0.005979334105262524,0.0794568657875061,-0.03858613967895508,-0.0035735444244835435,0.06877171993255615,-0.027803778648376465,-0.0004551122684404163,0.058185458183288574,-0.02130126953125,0.0023248460064735355
0.0,0.0,0.0,-0.008643090724945068,-0.06261330842971802,0.0032497282252279547,0.0036930441856384277,-0.11111712455749512,0.003560844680350783,0.025976240634918213,-0.12663686275482178,0.0029242798798350123,0.04281258583068848,-0.12171971797943115,0.0029234819692192104,0.044590890407562256,-0.14949917793273926,0.004280446434449914,0.05656701326370239,-0.14717775583267212,0.00488139815820432,0.05170881748199463,-0.12766152620315552,0.0037740234863576916,0.043178439140319824,-0.11642587184906006,0.0024230483566043404,0.06524771451950073,-0.11952203512191772,9.912183554661169e-05,0.07117098569869995,-0.11163628101348877,0.0038275652211723354,0.062121808528900146,-0.09334790706634521,0.0031206832379666594,0.05077594518661499,-0.08121877908706665,0.0017374355691117671,0.07877260446548462,-0.08313435316085815,-0.0036101971174957725,0.07797473669052124,-0.06874525547027588,-0.0005241368901351962,0.06842833757400513,-0.05457192659378052,0.00023763126478115737,0.05698657035827637,-0.04562348127365112,-0.0003993547409208986,0.08573603630065918,-0.045194149017333984,-0.007493818307239053,0.08273136615753174,-0.030597984790802002,-0.005141444167065856,0.07244253158569336,-0.01912468671798706,-0.002350614301803944,0.061858952045440674,-0.012814879417419434,9.85521644452092e-05
0.0,0.0,0.0,-0.00690305233001709,-0.06315261125564575,0.0032512144860845638,0.0066893696784973145,-0.10977327823638916,0.003118973199747188,0.029701292514801025,-0.1224597692489624,0.001947247048377676,0.046629369258880615,-0.11515039205551147,0.0016586504387703371,0.046553194522857666,-0.1499301791191101,0.0051618620962869954,0.06047874689102173,-0.144150972366333,0.005734889509625418,0.055547356605529785,-0.12356865406036377,0.004493234886325581,0.046439290046691895,-0.11253559589385986,0.0029515186068636012,0.06632423400878906,-0.11993974447250366,0.0007925177086178792,0.07451117038726807,-0.10924738645553589,0.0041201200545799566,0.06577616930007935,-0.0909319519996643,0.0030601597134989333,0.05400484800338745,-0.07998096942901611,0.0014267476252314282,0.07945138216018677,-0.08403205871582031,-0.0031837746757048535,0.08129042387008667,-0.06818795204162598,-0.00015692972752390233,0.07169759273529053,-0.054358482360839844,0.0005918607092496586,0.059688031673431396,-0.04690206050872803,-0.00010370999748943177,0.08635592460632324,-0.046600401401519775,-0.007381807339839952,0.08587473630905151,-0.03141516447067261,-0.004972191785924451,0.07568413019180298,-0.020049214363098145,-0.0021354921883869338,0.06473666429519653,-0.014831602573394775,0.0003194767376442087
0.0,0.0,0.0,-0.0033083558082580566,-0.06432837247848511,0.0046522738003744735,0.012215256690979004,-0.10799294710159302,0.004943022929282392,0.03543919324874878,-0.11799883842468262,0.0038298286554976357,0.052258074283599854,-0.10991466045379639,0.003445795929209794,0.05028194189071655,-0.14417743682861328,0.005882199347169603,0.06533008813858032,-0.13737595081329346,0.006449998781235422,0.061388611793518066,-0.11860865354537964,0.005548649892361368,0.05291372537612915,-0.10885655879974365,0.004186759196372236,0.06918174028396606,-0.11299192905426025,0.0005332601314051999,0.07881945371627808,-0.10184866189956665,0.0035346012619896783,0.07026052474975586,-0.08363896608352661,0.0027102182676657094,0.058412134647369385,-0.07365137338638306,0.0012514848086624397,0.08175063133239746,-0.07627904415130615,-0.004339869174955879,0.08572828769683838,-0.0602838397026062,-0.0016852192756147133,0.07588684558868408,-0.04596155881881714,-0.00039942779120849536,0.06385928392410278,-0.03932470083236694,-0.0007227913419143306,0.0881730318069458,-0.03757423162460327,-0.009306883945910727,0.08957481384277344,-0.021949291229248047,-0.0071549071407304154,0.07864505052566528,-0.010849952697753906,-0.004002041689901148,0.06716924905776978,-0.007119297981262207,-0.0013823602756843911
0.0,0.0,0.0,-0.0011380910873413086,-0.06568628549575806,0.0058742215931602,0.01536870002746582,-0.10748428106307983,0.006669428579527903,0.0388493537902832,-0.11637777090072632,0.006077087864298392,0.0548100471496582,-0.1055951714515686,0.006199524652231503,0.05356299877166748,-0.13996553421020508,0.005497545849550534,0.06681913137435913,-0.12959980964660645,0.007979779884237814,0.061555683612823486,-0.10975748300552368,0.008645801253635454,0.052588582038879395,-0.10047954320907593,0.008101937741059828,0.07151055335998535,-0.10707807540893555,0.00016427012616304637,0.07839232683181763,-0.093505859375,0.0054780243970640186,0.06921136379241943,-0.07686161994934082,0.00588553343715148,0.05731666088104248,-0.06836879253387451,0.004668625917304325,0.08289915323257446,-0.06859791278839111,-0.004286370325814914,0.08510732650756836,-0.05308842658996582,0.0001825295638013813,0.07521355152130127,-0.04065704345703125,0.0019705706816353086,0.06321662664413452,-0.03475111722946167,0.0014690253026969913,0.08818519115447998,-0.028981387615203857,-0.008640431418996286,0.08930432796478271,-0.01461559534072876,-0.005047797776740026,0.07868802547454834,-0.004991352558135986,-0.001225358892213535,0.0673643946647644,-0.001837313175201416,0.0015650760922767404
0.0,0.0,0.0,-0.0038086771965026855,-0.06645709276199341,0.005337256572886417,0.011120855808258057,-0.10987508296966553,0.005923475704832981,0.03469431400299072,-0.11693459749221802,0.005287502992644022,0.05102825164794922,-0.10381072759628296,0.005252847082658718,0.05064314603805542,-0.1424121856689453,0.005454655371352146,0.061469078063964844,-0.13736355304718018,0.008081213671459864,0.056355416774749756,-0.11686712503433228,0.008491070110096643,0.048490047454833984,-0.1062016487121582,0.00772485193584771,0.06882071495056152,-0.11049038171768188,0.00045205607449361196,0.07598084211349487,-0.10469496250152588,0.006468687772496651,0.06775093078613281,-0.08811140060424805,0.007245676226659725,0.056875526905059814,-0.07742929458618164,0.006034897740676115,0.0800926685333252,-0.07269436120986938,-0.0038063960543581743,0.08310693502426147,-0.06195509433746338,0.0010163433456114035,0.07410353422164917,-0.048757851123809814,0.0027701359779825907,0.06255823373794556,-0.04012495279312134,0.002026503773151944,0.08530527353286743,-0.03336423635482788,-0.008001251045868685,0.08721113204956055,-0.02444988489151001,-0.0038515936045655508,0.07722389698028564,-0.013749361038208008,0.0002983173019970309,0.06633979082107544,-0.007397651672363281,0.0030195457932791214
0.0,0.0,0.0,-0.0022088289260864258,-0.06304579973220825,0.00399745192370915,0.013401806354522705,-0.10318082571029663,0.0031272760312219816,0.03692883253097534,-0.1088523268699646,0.0011567256366049605,0.05422288179397583,-0.09700262546539307,-3.794349359509397e-05,0.05163627862930298,-0.13903319835662842,0.0030664231813659626,0.06329810619354248,-0.1273232102394104,0.0032336277141382652,0.05811905860900879,-0.10539335012435913,0.002142903460111256,0.04982644319534302,-0.09568160772323608,0.0005124937229936677,0.06914973258972168,-0.10589098930358887,-0.0022939245031068367,0.0779123306274414,-0.09555685520172119,0.0010283020743315774,0.0697242021560669,-0.0776071548461914,0.0010365442791169244,0.05859464406967163,-0.06757473945617676,-0.0002813349059636039,0.0802190899848938,-0.06758242845535278,-0.0071335660108218235,0.08586907386779785,-0.05286318063735962,-0.004670254122544293,0.07618558406829834,-0.03805506229400635,-0.00242360465236402,0.06456863880157471,-0.030426502227783203,-0.002292190147642259,0.0851060152053833,-0.0272977352142334,-0.01204569468282557,0.08940386772155762,-0.013387203216552734,-0.009727028366256718,0.07848632335662842,-0.0022758841514587402,-0.0057209266164193195,0.0671798586845398,0.0018813014030456543,-0.0027575908974597496
0.0,0.0,0.0,-0.004996955394744873,-0.061578214168548584,0.00041910287617952235,0.008650481700897217,-0.10403609275817871,-0.0021347264068083405,0.03139406442642212,-0.10988521575927734,-0.004962933040957296,0.04736936092376709,-0.09590071439743042,-0.007186772092978799,0.050574541091918945,-0.14216214418411255,-0.0012014083571614265,0.05737185478210449,-0.11977243423461914,-0.0037059977425144552,0.04992032051086426,-0.09874516725540161,-0.007841339591692531,0.039954185485839844,-0.09242582321166992,-0.01154292959327563,0.06936073303222656,-0.10962653160095215,-0.0053265483824418425,0.07426035404205322,-0.09219348430633545,-0.004140745639602983,0.06508851051330566,-0.07721501588821411,-0.006071084435831153,0.05332756042480469,-0.06975674629211426,-0.008670010860811317,0.08073532581329346,-0.07061707973480225,-0.009154697205673301,0.0831875205039978,-0.051639437675476074,-0.00825644030774697,0.07326221466064453,-0.03891247510910034,-0.007313295058708036,0.06159001588821411,-0.03279411792755127,-0.007836116734694087,0.08539992570877075,-0.029506325721740723,-0.013406145643244827,0.08706867694854736,-0.01253056526184082,-0.012594608846853816,0.07662749290466309,-0.002475917339324951,-0.0095551202779518,0.06560564041137695,0.0013294816017150879,-0.007014801516930902
0.0,0.0,0.0,-0.008711159229278564,-0.06292718648910522,0.002408007226890163,0.003216087818145752,-0.10897821187973022,0.0014476987505389616,0.025960445404052734,-0.11805850267410278,-0.00010212886105875896,0.04255300760269165,-0.1065625548362732,-0.0010475464425923064,0.04200679063796997,-0.14838755130767822,0.001462385474710004,0.05100351572036743,-0.1305132508277893,0.0012281244359968468,0.044270455837249756,-0.10879278182983398,-0.0006868743714818493,0.034817516803741455,-0.10024881362915039,-0.0030606458224298194,0.06296217441558838,-0.12029272317886353,-0.002858587473625107,0.06744164228439331,-0.10440093278884888,0.00021635375172479598,0.05845999717712402,-0.08737391233444214,-0.0008330111070478097,0.04738116264343262,-0.07818806171417236,-0.00306142580508606,0.07675933837890625,-0.08339917659759521,-0.006686060622328682,0.07654458284378052,-0.0644635558128357,-0.004248068135225935,0.06686520576477051,-0.05012178421020508,-0.003454532640049024,0.0557023286819458,-0.04279357194900513,-0.0044718705378414825,0.08412069082260132,-0.042942047119140625,-0.010735615089529915,0.08236527442932129,-0.02551370859146118,-0.008775835789734288,0.07183092832565308,-0.014608979225158691,-0.00597033177315609,0.060880422592163086,-0.010359108448028564,-0.0038734857719333604
0.0,0.0,0.0,-0.014207422733306885,-0.05862170457839966,-0.001029948203253639,-0.004244804382324219,-0.10873663425445557,-0.003652828012022269,0.01847440004348755,-0.12302893400192261,-0.005925988510611546,0.03654956817626953,-0.11674219369888306,-0.007326599408301604,0.037795960903167725,-0.15651977062225342,-0.005162235081556332,0.04262322187423706,-0.13476061820983887,-0.0072187522541611315,0.03618663549423218,-0.11052113771438599,-0.009258520055922759,0.02715367078781128,-0.10000550746917725,-0.011593492899450553,0.06049281358718872,-0.13034772872924805,-0.008512121823045504,0.06006908416748047,-0.1088058352470398,-0.007464596268150103,0.05076485872268677,-0.09021371603012085,-0.008591690298530352,0.04055798053741455,-0.07955312728881836,-0.010781214770290148,0.07567262649536133,-0.09413421154022217,-0.011423554469260466,0.07009941339492798,-0.07155102491378784,-0.011352250550302756,0.05999022722244263,-0.055469512939453125,-0.011035494704159987,0.04968976974487305,-0.046580612659454346,-0.012122427311155093,0.08464217185974121,-0.05298757553100586,-0.014770308707269919,0.07718068361282349,-0.030622124671936035,-0.015302614506694567,0.06632012128829956,-0.018358170986175537,-0.01360459738633324,0.055897533893585205,-0.01346975564956665,-0.011949735891434443
0.0,0.0,0.0,-0.017868638038635254,-0.057333171367645264,0.0006248438607485696,-0.013139843940734863,-0.11281633377075195,-0.0010952067801213161,0.007464408874511719,-0.13845783472061157,-0.0026755787671959297,0.026354193687438965,-0.13975852727890015,-0.0031776799128806488,0.027882158756256104,-0.16695672273635864,-0.0036209980731314317,0.03302854299545288,-0.1513485312461853,-0.0038318143465971843,0.02755749225616455,-0.12645024061203003,-0.004196013161674728,0.019294679164886475,-0.11384952068328857,-0.005494859372959127,0.052431583404541016,-0.14555132389068604,-0.007338493434474458,0.05217134952545166,-0.1271161437034607,-0.004087979743019332,0.04427134990692139,-0.10668492317199707,-0.004048472573742856,0.03576415777206421,-0.09429830312728882,-0.005889704288676967,0.06999188661575317,-0.11233282089233398,-0.010307798931137313,0.06575947999954224,-0.09366679191589355,-0.008009109483793964,0.057265281677246094,-0.07556438446044922,-0.0065674533375954525,0.04801785945892334,-0.0643758773803711,-0.007542784629151811,0.08156478404998779,-0.07326239347457886,-0.01360848716063856,0.07570719718933105,-0.055779874324798584,-0.012574978010491122,0.06575620174407959,-0.04164266586303711,-0.009807927371696223,0.05549919605255127,-0.03406161069869995,-0.007629309152946462
0.0,0.0,0.0,-0.01866811513900757,-0.056391894817352295,0.0002531756179990907,-0.017302393913269043,-0.10711556673049927,-0.003582027187931658,0.0017505884170532227,-0.12987422943115234,-0.007765799673634888,0.021262764930725098,-0.12881821393966675,-0.011052120389777542,0.018925130367279053,-0.17002534866333008,-0.004930549214023472,0.02506965398788452,-0.1585671305656433,-0.00858515585436237,0.02230733633041382,-0.12997359037399292,-0.01193207493646753,0.015444159507751465,-0.1137474775314331,-0.015005746769148232,0.046106576919555664,-0.1553022861480713,-0.00958901169373405,0.048098981380462646,-0.13747596740722656,-0.009288951667386414,0.04131501913070679,-0.1130218505859375,-0.010899791406828285,0.032363831996917725,-0.09726935625076294,-0.01337421211077583,0.0671079158782959,-0.12579643726348877,-0.013735274697083355,0.06417888402938843,-0.10214680433273315,-0.013562261971074463,0.055699944496154785,-0.08077448606491089,-0.012923572125274063,0.04639136791229248,-0.06738930940628052,-0.013993453147250534,0.08257019519805908,-0.08742547035217285,-0.01828402551485908,0.07738351821899414,-0.0625152587890625,-0.01874470050110233,0.06738680601119995,-0.045503854751586914,-0.016727528447646023,0.05727660655975342,-0.03542119264602661,-0.01475665616466415
0.0,0.0,0.0,-0.02288186550140381,-0.048987627029418945,0.0005933234031942902,-0.027706384658813477,-0.10239768028259277,-0.0020843224221209766,-0.01398169994354248,-0.14218342304229736,-0.005008029899869371,0.001423656940460205,-0.15869063138961792,-0.006730381547782827,0.008476436138153076,-0.17277878522872925,-0.003955587427441287,0.0174979567527771,-0.1674424409866333,-0.0064904216298202755,0.016545355319976807,-0.13752394914627075,-0.00843404853654306,0.010764718055725098,-0.11832451820373535,-0.010210184994463134,0.03564727306365967,-0.16248971223831177,-0.00791275562656324,0.04030561447143555,-0.15023577213287354,-0.006149919851992536,0.03544342517852783,-0.12412291765213013,-0.006643338742975402,0.028047621250152588,-0.10555177927017212,-0.008329447041575122,0.0576401948928833,-0.1378554105758667,-0.01133353324544828,0.05653214454650879,-0.11666810512542725,-0.010447079929832626,0.050624191761016846,-0.09437209367752075,-0.009860560912017036,0.042693257331848145,-0.07782977819442749,-0.01088273307246368,0.07498401403427124,-0.10454338788986206,-0.015037466454629111,0.07175064086914062,-0.08273744583129883,-0.015070092547063041,0.06416124105453491,-0.06377172470092773,-0.013266728873674083,0.05554467439651489,-0.0500645637512207,-0.011367370988551784
0.0,0.0,0.0,-0.02360379695892334,-0.05021601915359497,0.0036193662125469928,-0.02814769744873047,-0.10342687368392944,0.0031384931679667716,-0.017865896224975586,-0.14342957735061646,0.0019932674512119775,-0.0053899288177490234,-0.16099518537521362,0.0018137036857979183,0.002279341220855713,-0.17535102367401123,0.0008797658991852586,0.013262689113616943,-0.16748565435409546,-0.00031268366376480117,0.013099193572998047,-0.13978523015975952,-0.0020509661372898336,0.006708621978759766,-0.12200582027435303,-0.0036652249947337623,0.029204964637756348,-0.16658133268356323,-0.003894685414820742,0.03534168004989624,-0.15692579746246338,-0.001470471961624753,0.03218799829483032,-0.13190168142318726,-0.002076956323548984,0.025239229202270508,-0.11189717054367065,-0.0033995347295103784,0.052241384983062744,-0.14473766088485718,-0.007863871400445532,0.052901268005371094,-0.12774300575256348,-0.006444303897410464,0.04847639799118042,-0.10525315999984741,-0.0055991868686078305,0.041347622871398926,-0.0873531699180603,-0.005995174982786011,0.07078748941421509,-0.11443787813186646,-0.011788035390168261,0.0690298080444336,-0.09749674797058105,-0.011164039951950144,0.06276601552963257,-0.0782213807106018,-0.008601463047057223,0.055378496646881104,-0.0632777214050293,-0.005908771065264773
0.0,0.0,0.0,-0.025149047374725342,-0.04644590616226196,0.0021678678203045365,-0.03231227397918701,-0.09947705268859863,0.0007956304215497312,-0.023390650749206543,-0.1418764591217041,-0.0009884758875102762,-0.0116957426071167,-0.161091148853302,-0.0017319487197653416,-0.0010402798652648926,-0.1781834363937378,-0.00036995479248957963,0.009195923805236816,-0.16924160718917847,-0.00233111637871275,0.008433938026428223,-0.14085239171981812,-0.005270804420518971,0.002400040626525879,-0.12215167284011841,-0.007987840708750582,0.02608168125152588,-0.16978925466537476,-0.004854625698584414,0.03061819076538086,-0.1564309000968933,-0.003326245027068353,0.02720433473587036,-0.1310024857521057,-0.004749777868795491,0.020756840705871582,-0.1101941466331482,-0.006707457501846648,0.04906642436981201,-0.14798492193222046,-0.00869282582070241,0.04956299066543579,-0.12800586223602295,-0.008502653476256228,0.044785499572753906,-0.10599786043167114,-0.007851745609599448,0.03740447759628296,-0.0873289704322815,-0.008183682013708449,0.06777322292327881,-0.11790788173675537,-0.012635492396015024,0.06588912010192871,-0.09823089838027954,-0.013336237196284628,0.05949103832244873,-0.07908493280410767,-0.011263775315541125,0.05169636011123657,-0.06409871578216553,-0.008739682522076464
0.0,0.0,0.0,-0.02781122922897339,-0.046536386013031006,0.002215716651647881,-0.036145925521850586,-0.10069197416305542,0.0017376479357551489,-0.025263845920562744,-0.14238744974136353,0.0010457002921100411,-0.011926054954528809,-0.1581209897994995,0.0011062610559235964,-0.004056036472320557,-0.1778821349143982,-0.0002527206831075546,0.007137119770050049,-0.16397058963775635,-0.00019223296990844574,0.006572425365447998,-0.1380448341369629,-0.0020502566927973476,0.0007681846618652344,-0.12119466066360474,-0.004478152013376757,0.02387136220932007,-0.1701144576072693,-0.004116512472734257,0.02805948257446289,-0.15369552373886108,-0.00048567015770117905,0.024734318256378174,-0.1297195553779602,-0.0013081276426021304,0.018885910511016846,-0.1094772219657898,-0.0034392772810463157,0.046946048736572266,-0.1487947702407837,-0.007100183620110556,0.04642599821090698,-0.12921684980392456,-0.005037976066574856,0.041375815868377686,-0.10829657316207886,-0.004149862202808663,0.03465461730957031,-0.09016537666320801,-0.004951027791008755,0.06494444608688354,-0.1193501353263855,-0.010161006460890576,0.062101125717163086,-0.10030704736709595,-0.009650851237580582,0.055805861949920654,-0.08196467161178589,-0.007173383246168896,0.04874706268310547,-0.06761330366134644,-0.004769386361346051
0.0,0.0,0.0,-0.024847328662872314,-0.05126082897186279,0.004140064240687025,-0.027564287185668945,-0.10454243421554565,0.003406565291129482,-0.011377811431884766,-0.13957619667053223,0.0015697845996101023,0.007408082485198975,-0.14792996644973755,0.00025608443354485644,-0.002465188503265381,-0.17569130659103394,0.0025016112525690914,0.007676899433135986,-0.16981184482574463,0.0012749524361197473,0.007068812847137451,-0.1435908079147339,-0.001605114895596671,0.0013658404350280762,-0.12675690650939941,-0.004426251510835755,0.024405598640441895,-0.16834640502929688,-0.002980345972559917,0.029515504837036133,-0.1583421230316162,-0.0007190125721763252,0.02558964490890503,-0.1342390775680542,-0.0025037227857183098,0.018988490104675293,-0.11494368314743042,-0.004764117180116045,0.047291457653045654,-0.14736568927764893,-0.0076670263621281265,0.04832416772842407,-0.13098597526550293,-0.006519781305200922,0.04261356592178345,-0.10897612571716309,-0.005741917873478997,0.03509551286697388,-0.09120315313339233,-0.006073564636267292,0.06572514772415161,-0.11801177263259888,-0.012312305970795023,0.0648697018623352,-0.10024857521057129,-0.011123014493591654,0.05793720483779907,-0.08085060119628906,-0.007614764264531004,0.05021977424621582,-0.0662655234336853,-0.00439751275882827
0.0,0.0,0.0,-0.021769464015960693,-0.05384010076522827,0.002544795843945735,-0.02241736650466919,-0.10546648502349854,0.0007617540365885134,-0.003871440887451172,-0.13373619318008423,-0.002031810133544809,0.015396356582641602,-0.13605767488479614,-0.004371508042154915,0.0052149295806884766,-0.1749212145805359,0.0009200315514448221,0.015210986137390137,-0.1680966019630432,-0.002026895078657276,0.01412653923034668,-0.1418522596359253,-0.006308770756064064,0.007811486721038818,-0.12483465671539307,-0.010019797383634454,0.031764209270477295,-0.16513198614120483,-0.004505369829772121,0.035993874073028564,-0.15326333045959473,-0.004042182135222561,0.03133440017700195,-0.12901580333709717,-0.006798351201055652,0.023734092712402344,-0.11038315296173096,-0.00938339672872246,0.05407214164733887,-0.14208024740219116,-0.009384485444812185,0.0539664626121521,-0.12256944179534912,-0.009589415526775724,0.0473400354385376,-0.10062742233276367,-0.009442495665339834,0.03904891014099121,-0.0847892165184021,-0.009860176144925958,0.07173746824264526,-0.11024808883666992,-0.014417942165223963,0.06992548704147339,-0.08974218368530273,-0.014547632559029466,0.06190800666809082,-0.06998765468597412,-0.011640325671820051,0.05373954772949219,-0.05646020174026489,-0.008532186521975405
0.0,0.0,0.0,-0.015653789043426514,-0.05728757381439209,0.0053110694469467035,-0.012895643711090088,-0.10655850172042847,0.004039751733984076,0.0035696029663085938,-0.13453495502471924,0.0011802956185817948,0.02021479606628418,-0.13977396488189697,-0.0013013490053310761,0.013102352619171143,-0.17373496294021606,0.0017806299918845525,0.024924874305725098,-0.17117738723754883,-0.0005599487150504956,0.023091912269592285,-0.14287906885147095,-0.004106175251905597,0.01601189374923706,-0.1250562071800232,-0.00727349948570577,0.03923386335372925,-0.16021645069122314,-0.004988702111546672,0.045113563537597656,-0.15009665489196777,-0.004111351077114023,0.03937870264053345,-0.1251676082611084,-0.006338746384386695,0.03013378381729126,-0.10609138011932373,-0.00845717462212292,0.060851454734802246,-0.1336495280265808,-0.010874650538568176,0.06156456470489502,-0.11443591117858887,-0.010495148696605838,0.05356687307357788,-0.09269195795059204,-0.010280538447801746,0.04375225305557251,-0.07730644941329956,-0.010765725844208873,0.07756668329238892,-0.09970611333847046,-0.01661524745136944,0.07610821723937988,-0.07599443197250366,-0.01615329841584412,0.06699544191360474,-0.05705803632736206,-0.013384465225641407,0.05744767189025879,-0.04494369029998779,-0.010503395558004058
0.0,0.0,0.0,-0.010102689266204834,-0.061155617237091064,0.005307405065892112,-0.002132892608642578,-0.1088414192199707,0.004459863804427755,0.01769399642944336,-0.12928956747055054,0.002214338440595043,0.035087406635284424,-0.12682849168777466,0.00028851781031846713,0.02388542890548706,-0.16790813207626343,0.001764293570218456,0.03653395175933838,-0.1631559133529663,0.0008240398449430586,0.033626019954681396,-0.13800197839736938,-0.0015018248966356396,0.02629607915878296,-0.12337243556976318,-0.004076138328613865,0.04843932390213013,-0.14856022596359253,-0.004549819700272906,0.054495930671691895,-0.13842880725860596,-0.002279953522460687,0.047794997692108154,-0.11640441417694092,-0.0037948400283625006,0.03827786445617676,-0.10049694776535034,-0.005898026008011925,0.0680120587348938,-0.11722123622894287,-0.009902299571635353,0.06799715757369995,-0.10161733627319336,-0.008164464685918915,0.05937427282333374,-0.08264696598052979,-0.007752237100007164,0.04940485954284668,-0.06980252265930176,-0.008650708202125656,0.08225488662719727,-0.07972896099090576,-0.015092136528195965,0.07920259237289429,-0.059293150901794434,-0.01356338914841615,0.0694425106048584,-0.04284846782684326,-0.010767849352063763,0.06017261743545532,-0.03275507688522339,-0.008355020735265839
0.0,0.0,0.0,-0.008149206638336182,-0.05544745922088623,0.0030600539203504695,-0.002480447292327881,-0.10186892747879028,0.001612964903912939,0.012827098369598389,-0.12628048658370972,-0.0005856901961607264,0.02523869276046753,-0.1316954493522644,-0.0021519231349458323,0.03329026699066162,-0.1607292890548706,-0.0012215927681182848,0.04507112503051758,-0.15432488918304443,-0.0023517195340474473,0.041704535484313965,-0.12992334365844727,-0.004541098952316247,0.034082233905792236,-0.11645615100860596,-0.006974182903789483,0.05633944272994995,-0.13606035709381104,-0.006511286713205777,0.06198400259017944,-0.12636196613311768,-0.004909058447950088,0.05416661500930786,-0.10427749156951904,-0.006087263926886521,0.04343992471694946,-0.0895153284072876,-0.007862071853153907,0.07357710599899292,-0.10157454013824463,-0.010954630907647811,0.07320499420166016,-0.08698058128356934,-0.009781535130017005,0.06409329175949097,-0.06936269998550415,-0.00888359022515317,0.05327308177947998,-0.05750858783721924,-0.00942548305916091,0.08494299650192261,-0.062483012676239014,-0.015428093608491622,0.08214300870895386,-0.04553741216659546,-0.015084513809554778,0.07154178619384766,-0.03109562397003174,-0.012604106564097606,0.061029255390167236,-0.02184474468231201,-0.010210822682850562
0.0,0.0,0.0,-0.0036563873291015625,-0.056247830390930176,0.004213742870604165,0.0062743425369262695,-0.09851527214050293,0.0024287553557655883,0.024555981159210205,-0.11556434631347656,-0.0006782058456451523,0.03728276491165161,-0.11584341526031494,-0.003310476238141291,0.04248762130737305,-0.1502113938331604,-0.00019506925065115865,0.05689644813537598,-0.1343477964401245,-0.0034366860466548133,0.049767374992370605,-0.10885059833526611,-0.007847116835648649,0.03944045305252075,-0.09901225566864014,-0.011855829082662694,0.06314927339553833,-0.1227802038192749,-0.0067768148558684516,0.07183581590652466,-0.10577476024627686,-0.006533873774344556,0.0620991587638855,-0.08489024639129639,-0.008548822760815256,0.050026535987854004,-0.07455521821975708,-0.010980958625907533,0.07800149917602539,-0.08656591176986694,-0.012703298166627519,0.08101761341094971,-0.06597375869750977,-0.012451006606454484,0.07039898633956909,-0.048728227615356445,-0.011374221690232389,0.058320581912994385,-0.040892839431762695,-0.011771683156723611,0.08717066049575806,-0.04597151279449463,-0.018696653232211702,0.08652961254119873,-0.024679899215698242,-0.018615697086090677,0.07477414608001709,-0.010938823223114014,-0.01592226935946428,0.06310242414474487,-0.005479156970977783,-0.013487660832936399
0.0,0.0,0.0,-0.003228306770324707,-0.057708740234375,0.0032580113664693044,0.009119212627410889,-0.09632182121276855,0.0009093294546431707,0.029685258865356445,-0.10496258735656738,-0.0024617227565073563,0.04349982738494873,-0.097148597240448,-0.005375276024224718,0.04416096210479736,-0.143130362033844,-0.0019701197117143465,0.057400286197662354,-0.1264706254005432,-0.004929455633046587,0.049930691719055176,-0.10194677114486694,-0.008292168083372076,0.039608001708984375,-0.09320074319839478,-0.01137234986084934,0.06434464454650879,-0.11332684755325317,-0.007736458613308628,0.07222104072570801,-0.09781074523925781,-0.007537949534835775,0.06206268072128296,-0.07802122831344604,-0.00896616064268585,0.05005002021789551,-0.06872153282165527,-0.01082506932574745,0.07839590311050415,-0.07540535926818848,-0.012847321743848283,0.08117187023162842,-0.05605822801589966,-0.012978567446353395,0.06981134414672852,-0.03982430696487427,-0.01181386009115215,0.057520508766174316,-0.03276437520980835,-0.011866909156324823,0.08653461933135986,-0.03409546613693237,-0.0179790180947208,0.08635342121124268,-0.014277815818786621,-0.017635004299464185,0.07443362474441528,-0.001460254192352295,-0.014775332699301202,0.06290936470031738,0.003040909767150879,-0.012226826215865572
0.0,0.0,0.0,-0.003078460693359375,-0.05790632963180542,0.004833174062667922,0.011360108852386475,-0.0958985686302185,0.0043238588923202315,0.03328615427017212,-0.10416638851165771,0.0025573734974102535,0.048064231872558594,-0.09655487537384033,0.0012133058707775035,0.04529714584350586,-0.1365240216255188,0.0014546677784608164,0.056520044803619385,-0.12233507633209229,-0.00035065129398503814,0.04884839057922363,-0.09865444898605347,-0.002559434032292529,0.03945130109786987,-0.08969622850418091,-0.004727986982317134,0.06376153230667114,-0.10792273283004761,-0.00455958057776229,0.0718834400177002,-0.09579294919967651,-0.0038846920861317358,0.06170934438705444,-0.07683515548706055,-0.004754846325369044,0.0503159761428833,-0.06836754083633423,-0.005957443608195945,0.07664036750793457,-0.07093656063079834,-0.009943970354498788,0.08130621910095215,-0.05180424451828003,-0.010482774922849103,0.06960773468017578,-0.035475313663482666,-0.009233807089032098,0.05773270130157471,-0.029091238975524902,-0.008833558174075051,0.08387815952301025,-0.030455410480499268,-0.015114023225606843,0.08569049835205078,-0.010455489158630371,-0.014936796264947816,0.07327616214752197,0.0018388032913208008,-0.012028091462553903,0.06195729970932007,0.005200743675231934,-0.009327292317749425
0.0,0.0,0.0,-0.0031834840774536133,-0.05669599771499634,0.0013352453810426823,0.011662483215332031,-0.09675842523574829,-0.00045202399051902376,0.03466653823852539,-0.10512584447860718,-0.0027504059849974283,0.050944745540618896,-0.09778714179992676,-0.004339463486402906,0.04875040054321289,-0.13214874267578125,-0.0010541384705078372,0.06006908416748047,-0.11998695135116577,-0.003598713724940694,0.05225294828414917,-0.09822654724121094,-0.006642189751445926,0.0425189733505249,-0.09097796678543091,-0.009370173270880855,0.06545937061309814,-0.09987097978591919,-0.005462655275195516,0.07395279407501221,-0.08728295564651489,-0.005494698825359023,0.06341350078582764,-0.06968337297439575,-0.007114316745727933,0.05126845836639404,-0.06410139799118042,-0.008933624195933021,0.07630157470703125,-0.06200850009918213,-0.009501969385027564,0.08157247304916382,-0.046998798847198486,-0.010337345245361007,0.07050663232803345,-0.03288692235946655,-0.008802348691105522,0.05831784009933472,-0.028592944145202637,-0.008285283054291881,0.0811316967010498,-0.022705793380737305,-0.013657933975636638,0.08430910110473633,-0.009639561176300049,-0.014114146064102329,0.0728759765625,0.0007311105728149414,-0.010875813606261886,0.061792075634002686,0.0030611157417297363,-0.007835722471654094
0.0,0.0,0.0,-0.0016523003578186035,-0.0580175518989563,0.001619654904430945,0.014631390571594238,-0.09671670198440552,0.00016777162855419192,0.037906646728515625,-0.10517513751983643,-0.0016893068455772209,0.05422466993331909,-0.09852153062820435,-0.0027538888749347734,0.05160510540008545,-0.1296042799949646,-0.0006046622653173017,0.06192302703857422,-0.11344939470291138,-0.002995889320658307,0.053906917572021484,-0.09228169918060303,-0.005508042325885754,0.04385566711425781,-0.08551305532455444,-0.007626879414232235,0.06726425886154175,-0.0961986780166626,-0.004778258422078352,0.07591027021408081,-0.07865524291992188,-0.004239711830081205,0.0655677318572998,-0.06113475561141968,-0.0052334581629054355,0.05384141206741333,-0.05586111545562744,-0.006698318211050491,0.07738035917282104,-0.05764085054397583,-0.008557714441479902,0.08350497484207153,-0.03913205862045288,-0.009007542313696604,0.07279664278030396,-0.026297271251678467,-0.007288562053503256,0.06064438819885254,-0.023475706577301025,-0.006687940949262838,0.08141309022903442,-0.018279075622558594,-0.012375368656279306,0.08495068550109863,-0.0037758350372314453,-0.011985690252544146,0.07389801740646362,0.0053046345710754395,-0.008289722645344,0.06312322616577148,0.005846619606018066,-0.005056586501808624
0.0,0.0,0.0,-0.0012320876121520996,-0.0581623911857605,0.0015508466540694599,0.016070306301116943,-0.09343516826629639,9.52755736278732e-05,0.03922933340072632,-0.09557092189788818,-0.001697428370746934,0.05399590730667114,-0.08197569847106934,-0.0028925160504087444,0.05244898796081543,-0.12509095668792725,0.0004963136534996693,0.06315994262695312,-0.10397416353225708,-0.0011676263156488176,0.05564296245574951,-0.08641958236694336,-0.004232015889058971,0.045521318912506104,-0.08125823736190796,-0.00678525488815751,0.06682360172271729,-0.08801424503326416,-0.0032329873274221654,0.07581549882888794,-0.07144302129745483,-0.001069448850969934,0.06715726852416992,-0.05782800912857056,-0.001693182471129262,0.05593949556350708,-0.05170392990112305,-0.003280516210864448,0.0750722885131836,-0.04791975021362305,-0.006619187500248813,0.08376359939575195,-0.03359103202819824,-0.005293937362651491,0.07433712482452393,-0.02346956729888916,-0.0031288326344593997,0.06254708766937256,-0.01958918571472168,-0.0025943507998391624,0.07731902599334717,-0.009379923343658447,-0.010096640288750791,0.08349895477294922,-5.543231964111328e-05,-0.008090468086223268,0.07377791404724121,0.00805586576461792,-0.0035892664081558223,0.06355887651443481,0.010864973068237305,-0.00011860684658415721
0.0,0.0,0.0,9.012222290039062e-05,-0.05377686023712158,0.0007332179089729607,0.016463279724121094,-0.08697795867919922,-0.0010711952485422671,0.03858715295791626,-0.08830457925796509,-0.002922962899347681,0.05283445119857788,-0.07440358400344849,-0.003799019395401615,0.04992115497589111,-0.12284493446350098,-0.0005049221357609213,0.062408447265625,-0.09616607427597046,-0.0019080935884545625,0.055616557598114014,-0.07883930206298828,-0.004307211390724319,0.04554635286331177,-0.07507109642028809,-0.006546187228551048,0.06412309408187866,-0.08892422914505005,-0.003695534090539354,0.0736004114151001,-0.06648224592208862,-0.0017877373751531422,0.06579321622848511,-0.052692294120788574,-0.0021490960056240738,0.05548262596130371,-0.04724907875061035,-0.0035107499128486097,0.07287365198135376,-0.051397740840911865,-0.006546202595373529,0.08164042234420776,-0.03148925304412842,-0.005332326996168035,0.07314878702163696,-0.020632266998291016,-0.0031159280473644912,0.062237322330474854,-0.0166475772857666,-0.00247306052132501,0.07608038187026978,-0.014279186725616455,-0.009589634384056467,0.08249050378799438,-2.568960189819336e-05,-0.008361462983330625,0.07393836975097656,0.009785354137420654,-0.004483312382390636,0.06480515003204346,0.013444185256958008,-0.0012136533763538182
0.0,0.0,0.0,-0.004090547561645508,-0.056029319763183594,0.0010452896909356468,0.011319160461425781,-0.09018290042877197,-0.00021562456679191655,0.03334599733352661,-0.09141546487808228,-0.0015286585461780078,0.0477907657623291,-0.07704734802246094,-0.0020707694260835297,0.04374122619628906,-0.12875902652740479,0.0008093338779673331,0.0537031888961792,-0.10378819704055786,4.472210419237399e-05,0.04799211025238037,-0.08534812927246094,-0.00243211140916344,0.039026856422424316,-0.0795411467552185,-0.004859099854385818,0.05966311693191528,-0.0976250171661377,-0.0021633689670323974,0.06845438480377197,-0.07817572355270386,0.00021166109361558938,0.06148773431777954,-0.0636395812034607,-0.0004611886601395554,0.051342785358428955,-0.05592799186706543,-0.00203473166622814,0.07014524936676025,-0.06197333335876465,-0.004793124031877483,0.07803332805633545,-0.04290074110031128,-0.0029732107563376076,0.07036495208740234,-0.030994832515716553,-0.0015596052311792619,0.06005674600601196,-0.02428358793258667,-0.001580238566404546,0.07529187202453613,-0.025402963161468506,-0.007637609951800073,0.08044523000717163,-0.01005411148071289,-0.005979374740874732,0.07246541976928711,0.0008136630058288574,-0.0029432091309189445,0.0637935996055603,0.006331324577331543,-0.00044092372120019263
0.0,0.0,0.0,-0.00444185733795166,-0.05313640832901001,-0.0013216769524291294,0.008534133434295654,-0.0851064920425415,-0.004231232517994954,0.02914881706237793,-0.08678191900253296,-0.0070462257802859085,0.04324573278427124,-0.07332062721252441,-0.009119539821185185,0.043174564838409424,-0.12176096439361572,-0.0014747922044620054,0.053211748600006104,-0.09681171178817749,-0.0038614466987922924,0.04728728532791138,-0.07853877544403076,-0.007529652045704438,0.037696242332458496,-0.07281559705734253,-0.010805771985687329,0.05985212326049805,-0.09121036529541016,-0.004169029017575099,0.06838756799697876,-0.0706719160079956,-0.003934141082353904,0.06114763021469116,-0.0556907057762146,-0.006173400507904603,0.050649940967559814,-0.04804027080535889,-0.008586143443025662,0.0709524154663086,-0.05710041522979736,-0.006735685581006123,0.07821673154830933,-0.03647726774215698,-0.006449547895826413,0.07006406784057617,-0.023812294006347656,-0.005830275660045459,0.05964922904968262,-0.017832458019256592,-0.0061752491832152145,0.0763896107673645,-0.021322011947631836,-0.009801810906864716,0.0812501311302185,-0.0036179423332214355,-0.009594782555140569,0.07312524318695068,0.007016658782958984,-0.007417790425606086,0.06426441669464111,0.011308789253234863,-0.005321188663728549
0.0,0.0,0.0,-0.008797287940979004,-0.051403820514678955,-0.0017215917365405176,0.0006902217864990234,-0.08568662405014038,-0.004867726286292395,0.020736336708068848,-0.09175753593444824,-0.00786165828013452,0.03564345836639404,-0.08159095048904419,-0.009837569018245063,0.03863966464996338,-0.12462657690048218,-0.0024602606905403945,0.04903745651245117,-0.10818475484848022,-0.005177267176449618,0.04402381181716919,-0.08633077144622803,-0.007930000593304953,0.03451108932495117,-0.07551175355911255,-0.010203732458293757,0.05775076150894165,-0.09989404678344727,-0.005014543702245078,0.06634503602981567,-0.08385062217712402,-0.005337474217057547,0.05984926223754883,-0.06593590974807739,-0.007080534288078866,0.04953610897064209,-0.05493432283401489,-0.008910673951149306,0.07078719139099121,-0.06956541538238525,-0.007577703149408421,0.07675379514694214,-0.049866557121276855,-0.008038243559539637,0.06977498531341553,-0.03420776128768921,-0.007659313083976826,0.05998927354812622,-0.024827778339385986,-0.00802515661472114,0.07801765203475952,-0.03637886047363281,-0.010689011124313197,0.08326947689056396,-0.016967058181762695,-0.011436688063085398,0.07590126991271973,-0.003917098045349121,-0.010021192302346549,0.06687712669372559,0.002609550952911377,-0.008281342034578643
0.0,0.0,0.0,-0.013996362686157227,-0.05049508810043335,0.0014590757319297154,-0.006897985935211182,-0.09261822700500488,0.0010499215105141957,0.011901497840881348,-0.10848373174667358,8.709991112709758e-05,0.025922775268554688,-0.10903942584991455,3.248873787242701e-05,0.03297734260559082,-0.13802433013916016,0.003429120651219364,0.043276965618133545,-0.12482428550720215,0.002560476085875507,0.03882807493209839,-0.09996306896209717,0.0003504645838461329,0.03017038106918335,-0.08604568243026733,-0.001757399283576433,0.05498260259628296,-0.11547690629959106,-0.00045675855920990216,0.06490480899810791,-0.09975230693817139,0.001644017885212179,0.05854165554046631,-0.07884758710861206,0.0005909128931875784,0.04831153154373169,-0.06606322526931763,-0.0011449821640212576,0.0698898434638977,-0.08676290512084961,-0.004310863313492064,0.07636916637420654,-0.06834626197814941,-0.0029084626466442387,0.06953293085098267,-0.04980158805847168,-0.0015892695982415717,0.059912145137786865,-0.03769958019256592,-0.0017866095176373165,0.07883387804031372,-0.053122639656066895,-0.008573217538412337,0.08378618955612183,-0.035037875175476074,-0.007763562944944624,0.07633906602859497,-0.01947849988937378,-0.005016163212474112,0.06707620620727539,-0.011020481586456299,-0.002611289953108553
0.0,0.0,0.0,-0.023276031017303467,-0.05165529251098633,-0.0005241219529636965,-0.020769715309143066,-0.10318046808242798,-0.0007037793745041654,-0.00161665678024292,-0.13139843940734863,-0.0006855257430800066,0.013110518455505371,-0.14400184154510498,0.00044303087119601514,0.02670741081237793,-0.15827953815460205,0.0025650941191486254,0.032464563846588135,-0.14086169004440308,0.003441528266506566,0.02788442373275757,-0.116466224193573,0.001856614102820231,0.02064603567123413,-0.10272073745727539,4.881572152726221e-06,0.05186045169830322,-0.13520842790603638,0.00036177405340254154,0.053684771060943604,-0.11587131023406982,0.005348419387104286,0.04654288291931152,-0.0957345962524414,0.00452719078234054,0.038027405738830566,-0.08290332555770874,0.002330896992447151,0.06842422485351562,-0.10434877872467041,-0.001666633795736061,0.0658004879951477,-0.08464783430099487,0.0017329955829552546,0.05887860059738159,-0.0673179030418396,0.002230284119235648,0.05079299211502075,-0.055054664611816406,0.0010751864996052518,0.07926619052886963,-0.06922239065170288,-0.004241736523596273,0.07608771324157715,-0.05182003974914551,-0.0016449001028888688,0.06836092472076416,-0.03790545463562012,0.0011708191253489986,0.05980759859085083,-0.029246807098388672,0.00345248737207271
0.0,0.0,0.0,-0.02344965934753418,-0.052719831466674805,0.0023950412505939767,-0.023158729076385498,-0.10544991493225098,0.003360708440624194,-0.007749795913696289,-0.13896703720092773,0.003751505129940824,0.005216717720031738,-0.15136432647705078,0.004994836366705613,0.023910045623779297,-0.16225719451904297,0.005759417275868373,0.02782052755355835,-0.14135348796844482,0.007830146430961804,0.024237215518951416,-0.11616665124893188,0.006611847515188174,0.01737314462661743,-0.1005585789680481,0.004841209120087342,0.04852110147476196,-0.14322727918624878,0.0023922975742891595,0.048117101192474365,-0.119717538356781,0.008435778981976227,0.041434526443481445,-0.09785550832748413,0.00747666620739551,0.033237576484680176,-0.08340489864349365,0.005012936620943265,0.06570148468017578,-0.11284393072128296,-0.00048615533884799333,0.06136012077331543,-0.09133827686309814,0.004179923060320334,0.05446052551269531,-0.07305461168289185,0.004526194381497817,0.046387672424316406,-0.059828758239746094,0.0029955536229238078,0.07793736457824707,-0.07604730129241943,-0.003645737458981557,0.07280838489532471,-0.058496952056884766,-0.0002653486808128491,0.06471484899520874,-0.04496973752975464,0.0026068596271500155,0.05583691596984863,-0.035146474838256836,0.004808388381235318
0.0,0.0,0.0,-0.0288962721824646,-0.04949432611465454,0.00025294550573562447,-0.03171813488006592,-0.10544854402542114,-0.00021720976224059996,-0.015739500522613525,-0.14317387342453003,-0.00048815559716786083,-4.202127456665039e-05,-0.15775007009506226,0.00025041696494554344,0.013629734516143799,-0.17375874519348145,0.0017982067481625563,0.015577256679534912,-0.15467286109924316,0.0035675944934610015,0.011898577213287354,-0.1269710659980774,0.0023657166573229915,0.00624006986618042,-0.10995042324066162,0.0002984963182370848,0.04095935821533203,-0.15836071968078613,-0.0005358445516776555,0.03832423686981201,-0.1350851058959961,0.0058568561623815185,0.03134506940841675,-0.11080682277679443,0.005537861882430661,0.02439284324645996,-0.09500783681869507,0.0030649983498278743,0.060057640075683594,-0.129466712474823,-0.002382452908250343,0.052109718322753906,-0.10558819770812988,0.001921653555427838,0.045063674449920654,-0.08606362342834473,0.0023326214111420995,0.03774374723434448,-0.07070189714431763,0.0005330522951680905,0.07387959957122803,-0.0932917594909668,-0.004602377844321381,0.06528711318969727,-0.07344508171081543,-0.0019975477655407303,0.057096898555755615,-0.057825684547424316,0.0005813786235648877,0.04842501878738403,-0.04587960243225098,0.002478274441045869
0.0,0.0,0.0,-0.02971416711807251,-0.04803311824798584,-0.002587291560104177,-0.035749077796936035,-0.10394001007080078,-0.004528696331163928,-0.023698747158050537,-0.14713263511657715,-0.005776682550987289,-0.011766970157623291,-0.17120754718780518,-0.005767211000403449,0.008340001106262207,-0.17935031652450562,-0.001437883040836141,0.009728670120239258,-0.1648859977722168,-0.0019977157087680553,0.005966484546661377,-0.13652557134628296,-0.0046632323963251565,0.0003751516342163086,-0.1172301173210144,-0.007189923579772994,0.035781025886535645,-0.16335737705230713,-0.002750868591448352,0.03170287609100342,-0.14205139875411987,0.0012880260739791538,0.024895012378692627,-0.11637139320373535,-0.00032122823429858727,0.01820528507232666,-0.09754729270935059,-0.003126899859836385,0.055705130100250244,-0.13445037603378296,-0.003755487416839287,0.04602128267288208,-0.10971277952194214,-0.0010317887961548422,0.03931748867034912,-0.08992087841033936,-0.0008421626723986719,0.03223985433578491,-0.07254540920257568,-0.002229310720196054,0.07051420211791992,-0.09939038753509521,-0.005378869510224149,0.06082206964492798,-0.07886219024658203,-0.00418266296290426,0.05311918258666992,-0.06327319145202637,-0.0019490110305753205,0.04539525508880615,-0.050723373889923096,0.00024413913817511457
0.0,0.0,0.0,-0.028804779052734375,-0.04913532733917236,-0.00010725352674967326,-0.03332871198654175,-0.10607469081878662,-0.0009386778799864715,-0.0210915207862854,-0.15010058879852295,-0.001556065177084065,-0.006934523582458496,-0.16851705312728882,-0.001076496333354271,0.008910179138183594,-0.17918378114700317,0.00026609372091002115,0.009848713874816895,-0.1694554090499878,0.001279539068690383,0.006454586982727051,-0.14077889919281006,0.00011483217915042587,0.0021926164627075195,-0.12075334787368774,-0.0016598202162469988,0.036934852600097656,-0.1645294427871704,-0.0020571294114972716,0.0320475697517395,-0.14663678407669067,0.0035784147805486555,0.025808334350585938,-0.11911195516586304,0.0034353647972409362,0.020579636096954346,-0.0984308123588562,0.0014375975481186742,0.058093905448913574,-0.13551807403564453,-0.003792788029187477,0.04895436763763428,-0.11453026533126831,-0.0002640591517604207,0.042642176151275635,-0.09253793954849243,0.000940709014884078,0.03660053014755249,-0.07275611162185669,2.5042423857257745e-05,0.07430356740951538,-0.09904003143310547,-0.0058967041657354,0.06595349311828613,-0.0795440673828125,-0.004332629392393983,0.05834400653839111,-0.061776816844940186,-0.0016265355623374944,0.05120241641998291,-0.04717510938644409,0.0008055720720392401
0.0,0.0,0.0,-0.02685999870300293,-0.04844552278518677,0.0004903007745440391,-0.03257787227630615,-0.10091584920883179,-0.0008655232861940476,-0.022337496280670166,-0.14265912771224976,-0.0022138139368337306,-0.010823428630828857,-0.16290509700775146,-0.0022827255209278974,0.011472940444946289,-0.17557001113891602,-0.0004176301493146184,0.018102169036865234,-0.16855216026306152,0.0007776521476614562,0.01571887731552124,-0.14120805263519287,0.0007793175852555123,0.010178744792938232,-0.12137448787689209,-7.758908512300877e-05,0.038167476654052734,-0.1611461043357849,-0.003306626681734315,0.03808033466339111,-0.14594274759292603,0.0010954875130835262,0.03229022026062012,-0.11913180351257324,0.0009480714895460096,0.026128411293029785,-0.09856265783309937,-0.0006832531555858168,0.058516502380371094,-0.1336941123008728,-0.005521044474591008,0.05343914031982422,-0.1134536862373352,-0.002236058110867134,0.04684990644454956,-0.09196436405181885,-0.000870990440745345,0.03968799114227295,-0.07381653785705566,-0.001625174530346385,0.073952317237854,-0.0987057089805603,-0.008059194650996915,0.06927865743637085,-0.07826864719390869,-0.006597343240429154,0.06181293725967407,-0.06083261966705322,-0.004249429204065791,0.05391949415206909,-0.04748249053955078,-0.0020958947618794355
0.0,0.0,0.0,-0.024812638759613037,-0.04737281799316406,0.0008899127954293817,-0.02812206745147705,-0.09897869825363159,0.00035136538852498234,-0.017039358615875244,-0.13916826248168945,-0.00014251079639393538,-0.006065070629119873,-0.16008657217025757,0.0006121757562880248,0.014766097068786621,-0.17329692840576172,0.001052279049218896,0.02164018154144287,-0.16485744714736938,0.0022747974383321434,0.019180655479431152,-0.13815611600875854,0.0019802457193520695,0.013756513595581055,-0.11963939666748047,0.0009800582431864768,0.04115802049636841,-0.15915453433990479,-0.0018386484350401133,0.04115176200866699,-0.14458966255187988,0.0024196225224670798,0.035119473934173584,-0.11902278661727905,0.0020920046611365706,0.028546810150146484,-0.09882181882858276,0.0005886538658899099,0.06122714281082153,-0.1318090558052063,-0.004134568943953809,0.05621373653411865,-0.11230432987213135,-0.0018026492086562484,0.0492168664932251,-0.09138578176498413,-0.001062271394147274,0.041823744773864746,-0.07338613271713257,-0.0017609188559788436,0.07637900114059448,-0.09693527221679688,-0.006643575243032274,0.07123655080795288,-0.07675683498382568,-0.005794844216978845,0.06331992149353027,-0.05917626619338989,-0.003835792280113992,0.055455565452575684,-0.04523921012878418,-0.001767390965795812
0.0,0.0,0.0,-0.022640705108642578,-0.04794764518737793,0.0018985142198175708,-0.025390684604644775,-0.10009843111038208,0.0016003795864776293,-0.014015257358551025,-0.1405327320098877,0.0009645335923664788,-0.001754164695739746,-0.1601352095603943,0.001446659789678506,0.017375946044921875,-0.16886687278747559,0.0020849496324331085,0.023558497428894043,-0.16388076543807983,0.0027247614891052763,0.021023154258728027,-0.13843733072280884,0.002117559659552626,0.015670835971832275,-0.12131887674331665,0.001011817246933333,0.04264497756958008,-0.1561538577079773,-0.0014596271828963836,0.044335126876831055,-0.14414799213409424,0.0026131585438520233,0.03813338279724121,-0.1191909909248352,0.0024357739568472425,0.03126949071884155,-0.100078284740448,0.0010449931689322511,0.06227409839630127,-0.12977349758148193,-0.004487251284274407,0.05903792381286621,-0.11211585998535156,-0.0024834001704334696,0.051925837993621826,-0.09206324815750122,-0.0019204738817393263,0.044108808040618896,-0.07493466138839722,-0.0026904068689077576,0.07689571380615234,-0.09536796808242798,-0.007621865140947648,0.07271003723144531,-0.07612121105194092,-0.006947812976989098,0.06464242935180664,-0.05927586555480957,-0.00514372985691125,0.05621999502182007,-0.045774996280670166,-0.0031847009702801188
0.0,0.0,0.0,-0.021911144256591797,-0.05208027362823486,0.00010830837067032917,-0.02504909038543701,-0.10806602239608765,-0.00138656925179248,-0.010805726051330566,-0.14619708061218262,-0.002758378416785945,0.005668222904205322,-0.15523499250411987,-0.003132904900724043,0.02076035737991333,-0.1716238260269165,-0.001771841568427135,0.02533423900604248,-0.15688449144363403,-0.003058848225066413,0.022006332874298096,-0.13015037775039673,-0.005478416357675542,0.01533806324005127,-0.11432301998138428,-0.008026356596985806,0.046764254570007324,-0.15390169620513916,-0.005090280224123944,0.0464862585067749,-0.14149409532546997,-0.0029753346671554937,0.03995370864868164,-0.11748677492141724,-0.0038073680107686414,0.03194683790206909,-0.0983934998512268,-0.0054442461324129,0.0662074089050293,-0.12400716543197632,-0.00790435147706603,0.06068986654281616,-0.1050068736076355,-0.007300304968396176,0.05282074213027954,-0.08550041913986206,-0.006492658772060622,0.04415619373321533,-0.06982940435409546,-0.006911289200672854,0.07988327741622925,-0.08631855249404907,-0.010991476264337052,0.07335466146469116,-0.06713247299194336,-0.01185209003512,0.0642690658569336,-0.052046000957489014,-0.010051320095101346,0.055166423320770264,-0.041362762451171875,-0.007867466446498383
0.0,0.0,0.0,-0.016065478324890137,-0.05652838945388794,0.001521652002566043,-0.012274980545043945,-0.11008304357528687,-0.0002245270532057475,0.004809379577636719,-0.14190369844436646,-0.0021824651428232755,0.021371543407440186,-0.15084028244018555,-0.0033096411295900907,0.027645885944366455,-0.17150437831878662,-0.0021219005373041,0.03308385610580444,-0.15840119123458862,-0.0034162840836415853,0.029227495193481445,-0.1311098337173462,-0.005489602082661804,0.02207726240158081,-0.11615991592407227,-0.00774043505384725,0.05350625514984131,-0.15048235654830933,-0.006309128695420441,0.055639028549194336,-0.1349177360534668,-0.004822601427576956,0.0479351282119751,-0.11126327514648438,-0.006361315821550306,0.037938714027404785,-0.09383279085159302,-0.008190221947870668,0.07268249988555908,-0.11770689487457275,-0.009639722158453878,0.06953489780426025,-0.09668850898742676,-0.009508603115818914,0.06060749292373657,-0.07825237512588501,-0.009515813415191587,0.05025762319564819,-0.06477320194244385,-0.010213549112222609,0.08511799573898315,-0.07848358154296875,-0.01296982900544208,0.07891309261322021,-0.05530810356140137,-0.013559524764559683,0.06967133283615112,-0.04125398397445679,-0.011850756456396994,0.05978083610534668,-0.03274714946746826,-0.009580506806514677
0.0,0.0,0.0,-0.009873390197753906,-0.05572211742401123,0.003167459246412818,-0.0041106343269348145,-0.10442924499511719,0.0015967120124855683,0.012392580509185791,-0.12757790088653564,-0.0009274080221643999,0.0250396728515625,-0.13577258586883545,-0.0028257654340109184,0.035109639167785645,-0.16013675928115845,-0.0005899619137039736,0.04406768083572388,-0.14419543743133545,-0.003037561924486454,0.03933161497116089,-0.11664944887161255,-0.005886926577716167,0.03024613857269287,-0.10211944580078125,-0.008443286438762243,0.05869239568710327,-0.1376895308494568,-0.00623595321673065,0.06410956382751465,-0.12090837955474854,-0.00562482493120342,0.055708467960357666,-0.09758919477462769,-0.007334718277036245,0.04442024230957031,-0.08252108097076416,-0.009279140067576463,0.07597321271896362,-0.10499203205108643,-0.011180881207167204,0.07496196031570435,-0.08413606882095337,-0.010986878332971628,0.06561487913131714,-0.06503242254257202,-0.010362580214916761,0.05451124906539917,-0.053919315338134766,-0.010861958173393305,0.08692753314971924,-0.06658315658569336,-0.016186246444760855,0.0827796459197998,-0.04481661319732666,-0.016465358232437666,0.07271307706832886,-0.0304185152053833,-0.014114565012334879,0.06202501058578491,-0.02305316925048828,-0.011616077070414121
0.0,0.0,0.0,-0.007360637187957764,-0.056951701641082764,0.0038234781586083955,0.0018576383590698242,-0.10264229774475098,0.002149430487349946,0.02096015214920044,-0.11994165182113647,-0.0008621951220106894,0.03554177284240723,-0.12010633945465088,-0.003376343136608284,0.037201642990112305,-0.15504932403564453,0.0008836994292664713,0.04787445068359375,-0.14320975542068481,-0.002377269871487897,0.04198813438415527,-0.11719900369644165,-0.006542612181931418,0.0329662561416626,-0.10381758213043213,-0.010093103477686327,0.05960118770599365,-0.13073772192001343,-0.0053216562028524095,0.06645405292510986,-0.11486166715621948,-0.004909409059166592,0.05784189701080322,-0.0930526852607727,-0.0070833110603985006,0.04675030708312988,-0.07977157831192017,-0.009391703957646769,0.07574647665023804,-0.09622424840927124,-0.011004722060590666,0.07652002573013306,-0.07590657472610474,-0.01077837342205612,0.06653302907943726,-0.05802714824676514,-0.010355226078957003,0.05521130561828613,-0.04812747240066528,-0.011032801436215323,0.08614033460617065,-0.05613148212432861,-0.016775690333872717,0.08237206935882568,-0.0330660343170166,-0.016767701448827665,0.07132351398468018,-0.019484400749206543,-0.01460561746540634,0.0602564811706543,-0.0131455659866333,-0.012367065379351061
0.0,0.0,0.0,-0.007202208042144775,-0.05759161710739136,0.0038667390424791392,0.002771437168121338,-0.10180723667144775,0.0023804902400854644,0.023173809051513672,-0.11804372072219849,-5.372550114657315e-05,0.0371394157409668,-0.11745542287826538,-0.0019200272556361142,0.03660959005355835,-0.15151458978652954,-0.0011002127477865997,0.05125230550765991,-0.13896554708480835,-0.003137650496881861,0.046256959438323975,-0.11346876621246338,-0.005711051698398251,0.03708767890930176,-0.10119390487670898,-0.008234318874400515,0.059011757373809814,-0.12396073341369629,-0.006740914255004782,0.06784886121749878,-0.11088049411773682,-0.005025895841043848,0.05988365411758423,-0.08945274353027344,-0.005725255298983711,0.04877281188964844,-0.0767892599105835,-0.007323112401735443,0.07493269443511963,-0.0876118540763855,-0.011639322682839293,0.0772278904914856,-0.06997174024581909,-0.010223790600520033,0.06766617298126221,-0.052948713302612305,-0.008846883259337801,0.0559922456741333,-0.04356110095977783,-0.009250656298917193,0.08466893434524536,-0.04717642068862915,-0.01653416321389045,0.08156704902648926,-0.02833712100982666,-0.015781371451538462,0.07038211822509766,-0.016066253185272217,-0.013214971467476744,0.058981359004974365,-0.010955631732940674,-0.010976800292354483
0.0,0.0,0.0,-0.00420689582824707,-0.05763739347457886,0.002820346266219076,0.007202446460723877,-0.0988469123840332,5.6188402652423974e-05,0.028221547603607178,-0.1097097396850586,-0.003514492889678422,0.043086111545562744,-0.10142087936401367,-0.00645976909976298,0.0396503210067749,-0.14672452211380005,-0.0034874850006758606,0.05603891611099243,-0.12245267629623413,-0.006479638401231114,0.04901522397994995,-0.0967525839805603,-0.009656298212519232,0.03751671314239502,-0.08855807781219482,-0.012796082772126738,0.06001836061477661,-0.1173366904258728,-0.009378669090381209,0.0709313154220581,-0.09453684091567993,-0.009501242317071501,0.0612872838973999,-0.0743417739868164,-0.011026339843681399,0.04837590456008911,-0.06674748659133911,-0.013086706638148371,0.07471787929534912,-0.07955348491668701,-0.014476623624375407,0.07941335439682007,-0.05587661266326904,-0.014705896615794245,0.06838011741638184,-0.03862088918685913,-0.013120348803511206,0.05571097135543823,-0.032435595989227295,-0.013039390794745032,0.08336484432220459,-0.03805136680603027,-0.019621125660648886,0.08345234394073486,-0.01704782247543335,-0.019826338864675108,0.0713929533958435,-0.004523932933807373,-0.016745577804556433,0.059423983097076416,-0.0011872649192810059,-0.014015812665036265
0.0,0.0,0.0,-0.004922211170196533,-0.05630064010620117,0.0020708954579760075,0.009838998317718506,-0.09743398427963257,0.0009880453034867287,0.03293651342391968,-0.10584461688995361,-0.0005791033582198679,0.04870659112930298,-0.09651541709899902,-0.0015185588818411588,0.04377800226211548,-0.13997042179107666,-0.00047686588008843955,0.05633997917175293,-0.12548339366912842,-0.001728572238832271,0.05011343955993652,-0.10263371467590332,-0.003917647463865137,0.04056161642074585,-0.09502595663070679,-0.006208055590875006,0.062205731868743896,-0.1087682843208313,-0.004900135503746128,0.07050681114196777,-0.09448248147964478,-0.0033059161469708442,0.061058640480041504,-0.07616311311721802,-0.004270227098501778,0.04941779375076294,-0.0689777135848999,-0.005824493648148632,0.07444334030151367,-0.07080596685409546,-0.008771196411586857,0.07946157455444336,-0.05503135919570923,-0.008347218328751183,0.06888997554779053,-0.03970390558242798,-0.006808213827795839,0.057112932205200195,-0.03305530548095703,-0.006483019733465767,0.08042997121810913,-0.030646085739135742,-0.012689879567957973,0.08138918876647949,-0.01568681001663208,-0.012322185033596611,0.07021033763885498,-0.0043179988861083984,-0.009090687552131271,0.05945354700088501,-0.00022786855697631836,-0.0061653688863287925
0.0,0.0,0.0,-0.0030904412269592285,-0.057798802852630615,0.004219076249626141,0.012818098068237305,-0.09532511234283447,0.0034100349320738133,0.035879552364349365,-0.10473346710205078,0.0015291710178075846,0.05205118656158447,-0.10038751363754272,0.0002840105470909293,0.043911755084991455,-0.13569527864456177,0.0014710605636878427,0.05854254961013794,-0.12904614210128784,0.0005399320534138496,0.05422258377075195,-0.1066887378692627,-0.0007373082308390622,0.04601103067398071,-0.0968484878540039,-0.0021594654509158318,0.06183731555938721,-0.10483920574188232,-0.003787472492206234,0.0728577971458435,-0.09535765647888184,-0.00215815903817429,0.06364321708679199,-0.07733672857284546,-0.0026982229874761288,0.0516735315322876,-0.07108861207962036,-0.003982893072191018,0.07438701391220093,-0.06824833154678345,-0.008412523076060552,0.08231550455093384,-0.05335289239883423,-0.007479615390423078,0.07145434617996216,-0.03865706920623779,-0.005706096880260247,0.05888092517852783,-0.033595502376556396,-0.005521377895149726,0.08135348558425903,-0.03003394603729248,-0.012902837127569455,0.08492308855056763,-0.015260040760040283,-0.01188455696416213,0.07372647523880005,-0.0037491917610168457,-0.008650776811066407,0.06236588954925537,-0.0003650784492492676,-0.006005594387772817
0.0,0.0,0.0,-0.0014484524726867676,-0.05950111150741577,0.0032509727925855714,0.015547513961791992,-0.09789025783538818,0.002411925891493638,0.04022502899169922,-0.10882562398910522,0.0010363392821375328,0.057220637798309326,-0.10716092586517334,0.0007386150128070312,0.0468178391456604,-0.13708990812301636,1.4408655289344097e-05,0.06317788362503052,-0.1238487958908081,-0.0007732015628505451,0.05720019340515137,-0.10175120830535889,-0.0010166104593452019,0.04706990718841553,-0.09363436698913574,-0.0016913768313031596,0.06378138065338135,-0.10447490215301514,-0.00461869900479428,0.07598596811294556,-0.08858615159988403,-0.0027911344486426515,0.06616544723510742,-0.07027065753936768,-0.002455964725385229,0.05411076545715332,-0.06572294235229492,-0.003335311351264636,0.07572925090789795,-0.06666833162307739,-0.008639297256166856,0.08480525016784668,-0.05056840181350708,-0.008005882421429078,0.0737963318824768,-0.036426544189453125,-0.005460480967457215,0.06124377250671387,-0.033043086528778076,-0.004802946740682046,0.08208119869232178,-0.02746725082397461,-0.01251270602821819,0.0864381194114685,-0.013804912567138672,-0.01205362267225496,0.07487607002258301,-0.002851724624633789,-0.008428681449885289,0.06357371807098389,-0.0012456774711608887,-0.005424313986594598
0.0,0.0,0.0,-0.0005142688751220703,-0.05936223268508911,0.0028941066671990257,0.0161249041557312,-0.0977824330329895,0.0018571253136627774,0.04037833213806152,-0.10458880662918091,0.0002633699010488044,0.0566745400428772,-0.0960242748260498,-0.00037077331525381396,0.0494077205657959,-0.13351953029632568,-0.0005683981611497302,0.06796342134475708,-0.12086647748947144,-0.0010991704215399523,0.06177335977554321,-0.1007988452911377,-0.0014732545272551079,0.05111551284790039,-0.09380489587783813,-0.0023299438211239476,0.06528449058532715,-0.0995103120803833,-0.004685020193747391,0.07764935493469238,-0.08711189031600952,-0.002235531926444878,0.06829524040222168,-0.07095897197723389,-0.0015556002066574592,0.05671125650405884,-0.0664106011390686,-0.0024204413670219083,0.07595092058181763,-0.06109875440597534,-0.008211159732482542,0.08555865287780762,-0.04707753658294678,-0.007083690379104723,0.07514899969100952,-0.0340648889541626,-0.004597377617201914,0.06291460990905762,-0.03012228012084961,-0.0040968476127005715,0.08117735385894775,-0.022205054759979248,-0.011607733208975901,0.08686494827270508,-0.009850263595581055,-0.010920427393457999,0.07579749822616577,0.0007905364036560059,-0.007440477729133477,0.0648844838142395,0.003196537494659424,-0.004603315264276375
0.0,0.0,0.0,-0.0010641813278198242,-0.06176137924194336,0.003838079076302847,0.0163155198097229,-0.10143095254898071,0.0031374534853227942,0.040918052196502686,-0.10989981889724731,0.001553490551231107,0.058315932750701904,-0.10251903533935547,0.0009832957555033772,0.048784852027893066,-0.13775980472564697,0.001228460369674167,0.06683439016342163,-0.12592530250549316,0.00017025327244368782,0.06011486053466797,-0.10406088829040527,-0.000885888966223547,0.049475133419036865,-0.09567075967788696,-0.0020420062094501645,0.06451481580734253,-0.10428506135940552,-0.0034306563641450794,0.07662975788116455,-0.09104114770889282,-0.0010557411908678205,0.06651413440704346,-0.07428222894668579,-0.00026116587403635094,0.0545538067817688,-0.06814557313919067,-0.0009473743005230517,0.07500934600830078,-0.06535160541534424,-0.007645881010176936,0.08442801237106323,-0.05136728286743164,-0.006414040664168397,0.07349902391433716,-0.03808671236038208,-0.0034742846358142287,0.06072878837585449,-0.033099234104156494,-0.0026425220742396505,0.08039462566375732,-0.025748133659362793,-0.011750972570808926,0.08618760108947754,-0.012727499008178711,-0.010392682367893258,0.07494205236434937,-0.0018672347068786621,-0.006321803407701054,0.0637616515159607,0.0008522868156433105,-0.0031808006781659515
0.0,0.0,0.0,-0.001864016056060791,-0.06272399425506592,0.005458900639922604,0.015100479125976562,-0.10350257158279419,0.005669557890058741,0.03902316093444824,-0.11344248056411743,0.0048196752836418,0.05586671829223633,-0.10669249296188354,0.004733995003761038,0.047855496406555176,-0.14157646894454956,0.0020589534474027005,0.06527453660964966,-0.13233715295791626,0.0029227365089070645,0.05963224172592163,-0.11049193143844604,0.003411598671362981,0.049392104148864746,-0.10226660966873169,0.0030836727750909176,0.06512773036956787,-0.10795682668685913,-0.0032199319171297702,0.07691764831542969,-0.09784770011901855,0.0009070252349090424,0.06738996505737305,-0.08122909069061279,0.0024103258551519957,0.055134713649749756,-0.07548177242279053,0.00196054804152368,0.0765000581741333,-0.06811404228210449,-0.007681520720808521,0.08570843935012817,-0.056414246559143066,-0.004845827417312876,0.07568103075027466,-0.042600393295288086,-0.0016657921437683854,0.06316643953323364,-0.03738105297088623,-0.0010520046994599852,0.08187013864517212,-0.028012216091156006,-0.011879949895529762,0.0873483419418335,-0.016405820846557617,-0.009247339395670906,0.07678395509719849,-0.0056092143058776855,-0.00464627758586289,0.06546616554260254,-0.0030792951583862305,-0.001356016909568325
0.0,0.0,0.0,-0.001973450183868408,-0.06139880418777466,0.0037599608081819724,0.013719022274017334,-0.10479038953781128,0.002741093911552639,0.038581669330596924,-0.12029612064361572,0.0010630167567597937,0.056563615798950195,-0.11748385429382324,0.0004799916246867042,0.046091437339782715,-0.14338332414627075,-0.001484392046606331,0.06835031509399414,-0.13294541835784912,-0.002116248778676777,0.06201881170272827,-0.11024606227874756,-0.0018028611770404268,0.04989749193191528,-0.10199487209320068,-0.0019653356388715792,0.06342434883117676,-0.10979461669921875,-0.00643205975522676,0.07958984375,-0.0941043496131897,-0.004369255689582019,0.06931853294372559,-0.07604867219924927,-0.0031912981752810765,0.055739521980285645,-0.07140707969665527,-0.0035497216262427855,0.07565140724182129,-0.07055532932281494,-0.01063356276010552,0.08831155300140381,-0.05456888675689697,-0.009039313601007848,0.07757794857025146,-0.04080456495285034,-0.005448144929161458,0.06391483545303345,-0.037382423877716064,-0.004435791702618985,0.08213907480239868,-0.03134775161743164,-0.014715056003680616,0.08926612138748169,-0.01786714792251587,-0.013261285679092794,0.07817786931991577,-0.006364226341247559,-0.008819648133268743,0.06644970178604126,-0.004425644874572754,-0.005466373705914407
0.0,0.0,0.0,-0.0038137435913085938,-0.06108301877975464,0.004947201187505357,0.00998014211654663,-0.10519289970397949,0.00423237432424628,0.03293633460998535,-0.12021756172180176,0.002405828169329993,0.05027127265930176,-0.11519080400466919,0.0017109141468694133,0.043663620948791504,-0.15125542879104614,0.001342172805934183,0.06600815057754517,-0.13914251327514648,0.0018347937863012476,0.06088155508041382,-0.11515796184539795,0.002846467147364251,0.049487411975860596,-0.10550415515899658,0.0029716112900217695,0.06265848875045776,-0.1202080249786377,-0.004489756350622542,0.0801393985748291,-0.10324257612228394,-0.0015419469431350308,0.07173478603363037,-0.08339571952819824,-0.00025054985725603274,0.05875122547149658,-0.07547324895858765,-0.0005782029924290555,0.07595491409301758,-0.08224117755889893,-0.009623642706529267,0.08886474370956421,-0.06433302164077759,-0.006822453041777976,0.07889312505722046,-0.04864847660064697,-0.0034351853404501753,0.06561106443405151,-0.0433424711227417,-0.002820620940283902,0.08312606811523438,-0.04297226667404175,-0.014706641131297715,0.09022587537765503,-0.027585625648498535,-0.011918215708092816,0.07938921451568604,-0.015044212341308594,-0.007530967400626309,0.06743520498275757,-0.012264072895050049,-0.004530379710004695
0.0,0.0,0.0,-0.007220625877380371,-0.059967100620269775,0.005599604203766262,0.004804372787475586,-0.10789352655410767,0.006225299305683052,0.027767956256866455,-0.12656259536743164,0.005423760722791826,0.04544144868850708,-0.12404721975326538,0.0057075137565192335,0.036921918392181396,-0.15521132946014404,0.005014443985587036,0.060012876987457275,-0.1528046727180481,0.006056812341725504,0.055684685707092285,-0.12793457508087158,0.006934078625803863,0.044613420963287354,-0.11580109596252441,0.007150536618595993,0.05690610408782959,-0.12693512439727783,-0.000607346900338257,0.07621413469314575,-0.11553525924682617,0.0029967452692147845,0.06868106126785278,-0.09384739398956299,0.003910776443248665,0.05626392364501953,-0.08473294973373413,0.0034779305396881455,0.07214438915252686,-0.09192550182342529,-0.0056803638754132635,0.08826017379760742,-0.07784396409988403,-0.0029550299687031156,0.07867735624313354,-0.06043750047683716,-4.901491321618323e-05,0.06541794538497925,-0.053180158138275146,0.000537891040025329,0.08178949356079102,-0.054962754249572754,-0.010603528254264916,0.09225726127624512,-0.04213297367095947,-0.008050159335667217,0.0812196135520935,-0.026809513568878174,-0.0036069315565470106,0.0690966248512268,-0.020591914653778076,-0.0003823240868001676
0.0,0.0,0.0,-0.004900455474853516,-0.06382709741592407,0.006170614534113383,0.012396097183227539,-0.11552244424819946,0.007185843684766269,0.0370442271232605,-0.14498567581176758,0.006736962036285377,0.05300503969192505,-0.16056448221206665,0.0075059327344035864,0.03462338447570801,-0.15832746028900146,0.00462910384410975,0.0643344521522522,-0.1554226279258728,0.002222327194232321,0.05901902914047241,-0.12651145458221436,0.0004281288409231365,0.04512256383895874,-0.11336708068847656,-0.0002718628977333992,0.05361407995223999,-0.12837976217269897,-0.0014809780707025766,0.081417977809906,-0.12017703056335449,-0.00014569109882245357,0.07371681928634644,-0.09545773267745972,0.0003238246997909755,0.05876272916793823,-0.08528292179107666,0.00017009120963962232,0.0695415735244751,-0.09256923198699951,-0.007204082417246127,0.09320074319839478,-0.08386701345443726,-0.005716689950730824,0.083138108253479,-0.06459522247314453,-0.0014408173458093643,0.06837236881256104,-0.056843340396881104,0.000545792833491987,0.08052283525466919,-0.05494886636734009,-0.012675765524562621,0.09599083662033081,-0.04883009195327759,-0.009555033962186599,0.08467650413513184,-0.03223830461502075,-0.0032549978652411937,0.07228672504425049,-0.025528788566589355,0.0012974010594746233
0.0,0.0,0.0,-0.0018166899681091309,-0.06246387958526611,0.004647312960031513,0.01532834768295288,-0.11529135704040527,0.0038406521029799023,0.03784435987472534,-0.1501617431640625,0.001275224419686083,0.05249214172363281,-0.1748839020729065,0.00045550697311114163,0.02481180429458618,-0.15686196088790894,0.0032537193451105395,0.06245136260986328,-0.1618872880935669,-0.0016693663369835576,0.06057727336883545,-0.13363444805145264,-0.004295009379831072,0.0486067533493042,-0.12043637037277222,-0.0052756161481113395,0.04166322946548462,-0.13311833143234253,-0.0036489495128364524,0.07860386371612549,-0.13512390851974487,-0.0059260620787711105,0.07297545671463013,-0.11063557863235474,-0.006227659718689438,0.05850929021835327,-0.1014675498008728,-0.006300990661230799,0.058104872703552246,-0.10371226072311401,-0.010550325927880522,0.09030568599700928,-0.10413730144500732,-0.01106109954938006,0.08249473571777344,-0.08198028802871704,-0.005858084378388639,0.06931203603744507,-0.07503783702850342,-0.0029003433469654283,0.07190877199172974,-0.07034850120544434,-0.017440602374819036,0.09709632396697998,-0.07514297962188721,-0.015468208310750242,0.08827775716781616,-0.05484253168106079,-0.008375398074832674,0.07717025279998779,-0.04654562473297119,-0.0031450886331469974
0.0,0.0,0.0,0.002837240695953369,-0.0547218918800354,0.002333882611949889,0.022844135761260986,-0.10687857866287231,-0.0012330473421542365,0.04709935188293457,-0.13997352123260498,-0.006013997483293565,0.06505084037780762,-0.16184818744659424,-0.008832849680672439,0.02879643440246582,-0.13763755559921265,-0.005317504170577081,0.07398092746734619,-0.1504104733467102,-0.014188460192869456,0.07181006669998169,-0.12716376781463623,-0.018116993016789706,0.059275686740875244,-0.11400043964385986,-0.01931678422469929,0.04188042879104614,-0.10920655727386475,-0.011645075052271636,0.08797073364257812,-0.12205171585083008,-0.016681847281049045,0.08271592855453491,-0.10042339563369751,-0.015618070147226604,0.06876099109649658,-0.09016168117523193,-0.01459756691683367,0.05531179904937744,-0.07757925987243652,-0.018043025515268596,0.09729963541030884,-0.08758735656738281,-0.0203944455154641,0.08998984098434448,-0.06834781169891357,-0.01371624146331385,0.07700520753860474,-0.06032794713973999,-0.009612810916493686,0.06742697954177856,-0.04401189088821411,-0.02455185645003155,0.09868335723876953,-0.05360233783721924,-0.023434170640300067,0.09037721157073975,-0.03653216361999512,-0.016489465839455875,0.07933157682418823,-0.028504610061645508,-0.011627427420805247
0.0,0.0,0.0,0.0027544498443603516,-0.05534791946411133,-0.002137081778727179,0.024586737155914307,-0.10675233602523804,-0.009126185520671015,0.054053664207458496,-0.12510347366333008,-0.01703163151361764,0.07852375507354736,-0.12480360269546509,-0.022866408421776896,0.028219223022460938,-0.12831896543502808,-0.014428200281344061,0.07806766033172607,-0.1489640474319458,-0.026693266897581225,0.07541108131408691,-0.12552869319915771,-0.03223943252780259,0.06160736083984375,-0.11171162128448486,-0.03394006480195344,0.03857743740081787,-0.09539073705673218,-0.019723554222963458,0.08950668573379517,-0.11394637823104858,-0.027915489941022997,0.08405661582946777,-0.09318846464157104,-0.027704167260907298,0.06774628162384033,-0.08065158128738403,-0.02694555659510911,0.04905658960342407,-0.0586014986038208,-0.02526950937428296,0.09414869546890259,-0.07384598255157471,-0.028946767642281657,0.08828717470169067,-0.05694174766540527,-0.021737353026054507,0.07375586032867432,-0.04674386978149414,-0.016885324462435847,0.05765330791473389,-0.02206099033355713,-0.031292020424388056,0.09326815605163574,-0.04145944118499756,-0.03044757348217786,0.08961480855941772,-0.029033541679382324,-0.02250788834609807,0.07844752073287964,-0.01899099349975586,-0.016945705830238467
